Alpha,Theta,Response,Time
1.0,1.0,1.0,1.0
3.141592653589793,0.0,100.0,0.0008327960968017578
3.141592653589793,0.0,100.0,0.0014727115631103516
3.141592653589793,0.0,100.0,0.0022089481353759766
3.141592653589793,0.0,100.0,0.0028505325317382812
3.141592653589793,0.0,100.0,0.0034437179565429688
3.141592653589793,0.0,100.0,0.00403594970703125
3.141592653589793,0.0,100.0,0.004655361175537109
3.141592653589793,0.0,100.0,0.0052530765533447266
3.141592653589793,0.0,100.0,0.005854129791259766
3.141592653589793,0.0,100.0,0.006491184234619141
3.141592653589793,0.0,100.0,0.0071048736572265625
3.141592653589793,0.0,100.0,0.007692813873291016
3.141592653589793,0.0,100.0,0.008272171020507812
3.141592653589793,0.0,100.0,0.008857488632202148
3.141592653589793,0.0,100.0,0.00943136215209961
3.141592653589793,0.0,100.0,0.010001659393310547
3.141592653589793,0.0,100.0,0.010576486587524414
3.141592653589793,0.0,100.0,0.01115560531616211
3.141592653589793,0.0,100.0,0.011722326278686523
3.141592653589793,0.0,100.0,0.012285470962524414
3.141592653589793,0.0,100.0,0.012853145599365234
3.141592653589793,0.0,100.0,0.013429880142211914
3.141592653589793,0.0,100.0,0.014002561569213867
3.141592653589793,0.0,100.0,0.014564990997314453
3.141592653589793,0.0,100.0,0.015134096145629883
3.141592653589793,0.0,100.0,0.015706300735473633
3.141592653589793,0.0,100.0,0.016270160675048828
3.141592653589793,0.0,100.0,0.01683974266052246
3.141592653589793,0.0,100.0,0.017480134963989258
3.141592653589793,0.0,100.0,0.01804828643798828
3.141592653589793,0.0,100.0,0.018611431121826172
3.141592653589793,0.0,100.0,0.019173383712768555
3.141592653589793,0.0,100.0,0.0197446346282959
3.141592653589793,0.0,100.0,0.020308494567871094
3.141592653589793,0.0,100.0,0.020873546600341797
3.141592653589793,0.0,100.0,0.021437644958496094
3.141592653589793,0.0,100.0,0.02200150489807129
3.141592653589793,0.0,100.0,0.022563457489013672
3.141592653589793,0.0,100.0,0.023125410079956055
3.141592653589793,0.0,100.0,0.023702383041381836
3.141592653589793,0.0,100.0,0.02426743507385254
3.141592653589793,0.0,100.0,0.024829387664794922
3.141592653589793,0.0,100.0,0.025394439697265625
3.141592653589793,0.0,100.0,0.02595663070678711
3.141592653589793,0.0,100.0,0.026520252227783203
3.141592653589793,0.0,100.0,0.027103424072265625
3.141592653589793,0.0,100.0,0.027674436569213867
3.141592653589793,0.0,100.0,0.028243303298950195
3.141592653589793,0.0,100.0,0.028808116912841797
3.141592653589793,0.0,100.0,0.029371023178100586
3.141592653589793,0.0,100.0,0.029932498931884766
3.141592653589793,0.0,100.0,0.030501127243041992
3.141592653589793,0.0,100.0,0.031063318252563477
3.141592653589793,0.0,100.0,0.03162360191345215
3.141592653589793,0.0,100.0,0.03218579292297363
3.141592653589793,0.0,100.0,0.03274798393249512
3.141592653589793,0.0,100.0,0.0333096981048584
3.141592653589793,0.0,100.0,0.033872127532958984
3.141592653589793,0.0,100.0,0.034432172775268555
3.141592653589793,0.0,100.0,0.03499412536621094
3.141592653589793,0.0,100.0,0.035555124282836914
3.141592653589793,0.0,100.0,0.0361173152923584
3.141592653589793,0.0,100.0,0.03667807579040527
3.141592653589793,0.0,100.0,0.03724503517150879
3.141592653589793,0.0,100.0,0.03781461715698242
3.141592653589793,0.0,100.0,0.03840780258178711
3.141592653589793,0.0,100.0,0.0389707088470459
3.141592653589793,0.0,100.0,0.03953838348388672
3.141592653589793,0.0,100.0,0.0400996208190918
3.141592653589793,0.0,100.0,0.040662527084350586
3.141592653589793,0.0,100.0,0.04122614860534668
3.141592653589793,0.0,100.0,0.0417933464050293
3.141592653589793,0.0,100.0,0.04235506057739258
3.141592653589793,0.0,100.0,0.04291725158691406
3.141592653589793,0.0,100.0,0.04347705841064453
3.141592653589793,0.0,100.0,0.04405021667480469
3.141592653589793,0.0,100.0,0.04461240768432617
3.141592653589793,0.0,100.0,0.04519963264465332
3.141592653589793,0.0,100.0,0.04578709602355957
3.141592653589793,0.0,100.0,0.04635477066040039
3.141592653589793,0.0,100.0,0.04691791534423828
3.141592653589793,0.0,100.0,0.04749751091003418
3.141592653589793,0.0,100.0,0.04806661605834961
3.141592653589793,0.0,100.0,0.04863095283508301
3.141592653589793,0.0,100.0,0.049195289611816406
3.141592653589793,0.0,100.0,0.04976606369018555
3.141592653589793,0.0,100.0,0.05033397674560547
3.141592653589793,0.0,100.0,0.05089735984802246
3.141592653589793,0.0,100.0,0.0514678955078125
3.141592653589793,0.0,100.0,0.052030324935913086
3.141592653589793,0.0,100.0,0.05259370803833008
3.141592653589793,0.0,100.0,0.053162336349487305
3.141592653589793,0.0,100.0,0.0537259578704834
3.141592653589793,0.0,100.0,0.05429410934448242
3.141592653589793,0.0,100.0,0.05485677719116211
3.141592653589793,0.0,100.0,0.05541872978210449
3.141592653589793,0.0,100.0,0.05598258972167969
3.141592653589793,0.0,100.0,0.05655241012573242
3.141592653589793,0.0,100.0,0.05713915824890137
3.141592653589793,0.0,100.0,0.057712554931640625
3.141592653589793,0.0,100.0,0.05830097198486328
3.141592653589793,0.0,100.0,0.05886197090148926
3.141592653589793,0.0,100.0,0.05942845344543457
3.141592653589793,0.0,100.0,0.05999016761779785
3.141592653589793,0.0,100.0,0.060550689697265625
3.141592653589793,0.0,100.0,0.0611114501953125
3.141592653589793,0.0,100.0,0.06167292594909668
3.141592653589793,0.0,100.0,0.06223440170288086
3.141592653589793,0.0,100.0,0.06279587745666504
3.141592653589793,0.0,100.0,0.0633854866027832
3.141592653589793,0.0,100.0,0.06394529342651367
3.141592653589793,0.0,100.0,0.06450843811035156
3.141592653589793,0.0,100.0,0.06507730484008789
3.141592653589793,0.0,100.0,0.06570935249328613
3.141592653589793,0.0,100.0,0.06628608703613281
3.141592653589793,0.0,100.0,0.06685519218444824
3.141592653589793,0.0,100.0,0.06743907928466797
3.141592653589793,0.0,100.0,0.06805729866027832
3.141592653589793,0.0,100.0,0.06862759590148926
3.141592653589793,0.0,100.0,0.06920528411865234
3.141592653589793,0.0,100.0,0.06977295875549316
3.141592653589793,0.0,100.0,0.0703423023223877
3.141592653589793,0.0,100.0,0.0709073543548584
3.141592653589793,0.0,100.0,0.07147502899169922
3.141592653589793,0.0,100.0,0.07204174995422363
3.141592653589793,0.0,100.0,0.07262134552001953
3.141592653589793,0.0,100.0,0.07319498062133789
3.141592653589793,0.0,100.0,0.0737614631652832
3.141592653589793,0.0,100.0,0.07432699203491211
3.141592653589793,0.0,100.0,0.07489347457885742
3.141592653589793,0.0,100.0,0.07546854019165039
3.141592653589793,0.0,100.0,0.0760354995727539
3.141592653589793,0.0,100.0,0.0765998363494873
3.141592653589793,0.0,100.0,0.0771794319152832
3.141592653589793,0.0,100.0,0.07775020599365234
3.141592653589793,0.0,100.0,0.07831621170043945
3.141592653589793,0.0,100.0,0.07888150215148926
3.141592653589793,0.0,100.0,0.07944607734680176
3.141592653589793,0.0,100.0,0.08000993728637695
3.141592653589793,0.0,100.0,0.08057689666748047
3.141592653589793,0.0,100.0,0.08114314079284668
3.141592653589793,0.0,100.0,0.08170795440673828
3.141592653589793,0.0,100.0,0.0822746753692627
3.141592653589793,0.0,100.0,0.0828404426574707
3.141592653589793,0.0,100.0,0.08340597152709961
3.141592653589793,0.0,100.0,0.08397173881530762
3.141592653589793,0.0,100.0,0.08453679084777832
3.141592653589793,0.0,100.0,0.08510184288024902
3.141592653589793,0.0,100.0,0.08566856384277344
3.141592653589793,0.0,100.0,0.08623361587524414
3.141592653589793,0.0,100.0,0.0868074893951416
3.141592653589793,0.0,100.0,0.08741235733032227
3.141592653589793,0.0,100.0,0.0879824161529541
3.141592653589793,0.0,100.0,0.08854866027832031
3.141592653589793,0.0,100.0,0.08911418914794922
3.141592653589793,0.0,100.0,0.08968091011047363
3.141592653589793,0.0,100.0,0.09024572372436523
3.141592653589793,0.0,100.0,0.09081125259399414
3.141592653589793,0.0,100.0,0.09137678146362305
3.141592653589793,0.0,100.0,0.09194064140319824
3.141592653589793,0.0,100.0,0.09253215789794922
3.141592653589793,0.0,100.0,0.09309649467468262
3.141592653589793,0.0,100.0,0.09366369247436523
3.141592653589793,0.0,100.0,0.0942387580871582
3.141592653589793,0.0,100.0,0.09480547904968262
3.141592653589793,0.0,100.0,0.09537029266357422
3.141592653589793,0.0,100.0,0.09593462944030762
3.141592653589793,0.0,100.0,0.09649825096130371
3.141592653589793,0.0,100.0,0.09711527824401855
3.141592653589793,0.0,100.0,0.09769988059997559
3.141592653589793,0.0,100.0,0.0982675552368164
3.141592653589793,0.0,100.0,0.09883356094360352
3.141592653589793,0.0,100.0,0.09940838813781738
3.141592653589793,0.0,100.0,0.0999746322631836
3.141592653589793,0.0,100.0,0.10054159164428711
3.141592653589793,0.0,100.0,0.10110807418823242
3.141592653589793,0.0,100.0,0.10168147087097168
3.141592653589793,0.0,100.0,0.10226869583129883
3.141592653589793,0.0,100.0,0.10283279418945312
3.141592653589793,0.0,100.0,0.10339689254760742
3.141592653589793,0.0,100.0,0.10396170616149902
3.141592653589793,0.0,100.0,0.10452723503112793
3.141592653589793,0.0,100.0,0.10509276390075684
3.141592653589793,0.0,100.0,0.10567688941955566
3.141592653589793,0.0,100.0,0.10624194145202637
3.141592653589793,0.0,100.0,0.10681509971618652
3.141592653589793,0.0,100.0,0.10741043090820312
3.141592653589793,0.0,100.0,0.10799479484558105
3.141592653589793,0.0,100.0,0.10857939720153809
3.141592653589793,0.0,100.0,0.10916471481323242
3.141592653589793,0.0,100.0,0.10974955558776855
3.141592653589793,0.0,100.0,0.11033225059509277
3.141592653589793,0.0,100.0,0.11091399192810059
3.141592653589793,0.0,100.0,0.1114969253540039
3.141592653589793,0.0,100.0,0.11211204528808594
3.141592653589793,0.0,100.0,0.11269617080688477
3.141592653589793,0.0,100.0,0.11327981948852539
3.141592653589793,0.0,100.0,0.1138620376586914
3.141592653589793,0.0,100.0,0.11444377899169922
3.141592653589793,0.0,100.0,0.11502504348754883
3.141592653589793,0.0,100.0,0.11560606956481934
3.141592653589793,0.0,100.0,0.11618900299072266
3.141592653589793,0.0,100.0,0.11677670478820801
3.141592653589793,0.0,100.0,0.11738348007202148
3.141592653589793,0.0,100.0,0.11796951293945312
3.141592653589793,0.0,100.0,0.11855411529541016
3.141592653589793,0.0,100.0,0.11913609504699707
3.141592653589793,0.0,100.0,0.1197197437286377
3.141592653589793,0.0,100.0,0.12030315399169922
3.141592653589793,0.0,100.0,0.12088680267333984
3.141592653589793,0.0,100.0,0.12146878242492676
3.141592653589793,0.0,100.0,0.1220541000366211
3.141592653589793,0.0,100.0,0.12263727188110352
3.141592653589793,0.0,100.0,0.12322163581848145
3.141592653589793,0.0,100.0,0.12380766868591309
3.141592653589793,0.0,100.0,0.12439107894897461
3.141592653589793,0.0,100.0,0.12497544288635254
3.141592653589793,0.0,100.0,0.12555837631225586
3.141592653589793,0.0,100.0,0.12614107131958008
3.141592653589793,0.0,100.0,0.12674522399902344
3.141592653589793,0.0,100.0,0.1273488998413086
3.141592653589793,0.0,100.0,0.12793588638305664
3.141592653589793,0.0,100.0,0.12852144241333008
3.141592653589793,0.0,100.0,0.1291065216064453
3.141592653589793,0.0,100.0,0.12968921661376953
3.141592653589793,0.0,100.0,0.13027143478393555
3.141592653589793,0.0,100.0,0.13085341453552246
3.141592653589793,0.0,100.0,0.13143515586853027
3.141592653589793,0.0,100.0,0.1320178508758545
3.141592653589793,0.0,100.0,0.13260173797607422
3.141592653589793,0.0,100.0,0.13318514823913574
3.141592653589793,0.0,100.0,0.13376641273498535
3.141592653589793,0.0,100.0,0.13435125350952148
3.141592653589793,0.0,100.0,0.1349327564239502
3.141592653589793,0.0,100.0,0.13551616668701172
3.141592653589793,0.0,100.0,0.13609862327575684
3.141592653589793,0.0,100.0,0.13668203353881836
3.141592653589793,0.0,100.0,0.1372663974761963
3.141592653589793,0.0,100.0,0.13785004615783691
3.141592653589793,0.0,100.0,0.13843178749084473
3.141592653589793,0.0,100.0,0.13901519775390625
3.141592653589793,0.0,100.0,0.13959884643554688
3.141592653589793,0.0,100.0,0.1401805877685547
3.141592653589793,0.0,100.0,0.1407642364501953
3.141592653589793,0.0,100.0,0.14134740829467773
3.141592653589793,0.0,100.0,0.14193058013916016
3.141592653589793,0.0,100.0,0.14251351356506348
3.141592653589793,0.0,100.0,0.1430978775024414
3.141592653589793,0.0,100.0,0.14368081092834473
3.141592653589793,0.0,100.0,0.14426255226135254
3.141592653589793,0.0,100.0,0.14484572410583496
3.141592653589793,0.0,100.0,0.14542889595031738
3.141592653589793,0.0,100.0,0.14602208137512207
3.141592653589793,0.0,100.0,0.14661097526550293
3.141592653589793,0.0,100.0,0.14719605445861816
3.141592653589793,0.0,100.0,0.1477811336517334
3.141592653589793,0.0,100.0,0.14836502075195312
3.141592653589793,0.0,100.0,0.14894962310791016
3.141592653589793,0.0,100.0,0.1495358943939209
3.141592653589793,0.0,100.0,0.15012025833129883
3.141592653589793,0.0,100.0,0.15070343017578125
3.141592653589793,0.0,100.0,0.15129494667053223
3.141592653589793,0.0,100.0,0.15187764167785645
3.141592653589793,0.0,100.0,0.15246224403381348
3.141592653589793,0.0,100.0,0.1530466079711914
3.141592653589793,0.0,100.0,0.15363097190856934
3.141592653589793,0.0,100.0,0.15421581268310547
3.141592653589793,0.0,100.0,0.154799222946167
3.141592653589793,0.0,100.0,0.15538358688354492
3.141592653589793,0.0,100.0,0.15596675872802734
3.141592653589793,0.0,100.0,0.15655088424682617
3.141592653589793,0.0,100.0,0.15714359283447266
3.141592653589793,0.0,100.0,0.15773320198059082
3.141592653589793,0.0,100.0,0.15831732749938965
3.141592653589793,0.0,100.0,0.15890192985534668
3.141592653589793,0.0,100.0,0.15948700904846191
3.141592653589793,0.0,100.0,0.16007018089294434
3.141592653589793,0.0,100.0,0.16065502166748047
3.141592653589793,0.0,100.0,0.16127586364746094
3.141592653589793,0.0,100.0,0.16186046600341797
3.141592653589793,0.0,100.0,0.1624433994293213
3.141592653589793,0.0,100.0,0.16302776336669922
3.141592653589793,0.0,100.0,0.16361093521118164
3.141592653589793,0.0,100.0,0.16419386863708496
3.141592653589793,0.0,100.0,0.1647794246673584
3.141592653589793,0.0,100.0,0.16536402702331543
3.141592653589793,0.0,100.0,0.16596603393554688
3.141592653589793,0.0,100.0,0.1665482521057129
3.141592653589793,0.0,100.0,0.16713881492614746
3.141592653589793,0.0,100.0,0.1677262783050537
3.141592653589793,0.0,100.0,0.16831088066101074
3.141592653589793,0.0,100.0,0.16889691352844238
3.141592653589793,0.0,100.0,0.1694808006286621
3.141592653589793,0.0,100.0,0.17006659507751465
3.141592653589793,0.0,100.0,0.17064929008483887
3.141592653589793,0.0,100.0,0.1712329387664795
3.141592653589793,0.0,100.0,0.17181777954101562
3.141592653589793,0.0,100.0,0.17240381240844727
3.141592653589793,0.0,100.0,0.1729874610900879
3.141592653589793,0.0,100.0,0.17357254028320312
3.141592653589793,0.0,100.0,0.17415761947631836
3.141592653589793,0.0,100.0,0.1747419834136963
3.141592653589793,0.0,100.0,0.17532706260681152
3.141592653589793,0.0,100.0,0.1759476661682129
3.141592653589793,0.0,100.0,0.17653226852416992
3.141592653589793,0.0,100.0,0.17712044715881348
3.141592653589793,0.0,100.0,0.17770695686340332
3.141592653589793,0.0,100.0,0.17829227447509766
3.141592653589793,0.0,100.0,0.1788773536682129
3.141592653589793,0.0,100.0,0.17946553230285645
3.141592653589793,0.0,100.0,0.18004989624023438
3.141592653589793,0.0,100.0,0.18065094947814941
3.141592653589793,0.0,100.0,0.18123674392700195
3.141592653589793,0.0,100.0,0.1818227767944336
3.141592653589793,0.0,100.0,0.18240785598754883
3.141592653589793,0.0,100.0,0.18299245834350586
3.141592653589793,0.0,100.0,0.1835784912109375
3.141592653589793,0.0,100.0,0.18416333198547363
3.141592653589793,0.0,100.0,0.18474960327148438
3.141592653589793,0.0,100.0,0.1853351593017578
3.141592653589793,0.0,100.0,0.18592047691345215
3.141592653589793,0.0,100.0,0.18650531768798828
3.141592653589793,0.0,100.0,0.18711066246032715
3.141592653589793,0.0,100.0,0.18770098686218262
3.141592653589793,0.0,100.0,0.18828845024108887
3.141592653589793,0.0,100.0,0.1888751983642578
3.141592653589793,0.0,100.0,0.18946075439453125
3.141592653589793,0.0,100.0,0.19005703926086426
3.141592653589793,0.0,100.0,0.19065213203430176
3.141592653589793,0.0,100.0,0.1912381649017334
3.141592653589793,0.0,100.0,0.19182324409484863
3.141592653589793,0.0,100.0,0.19240570068359375
3.141592653589793,0.0,100.0,0.19298982620239258
3.141592653589793,0.0,100.0,0.19357514381408691
3.141592653589793,0.0,100.0,0.19415950775146484
3.141592653589793,0.0,100.0,0.19474339485168457
3.141592653589793,0.0,100.0,0.1953418254852295
3.141592653589793,0.0,100.0,0.19592571258544922
3.141592653589793,0.0,100.0,0.19651031494140625
3.141592653589793,0.0,100.0,0.19710969924926758
3.141592653589793,0.0,100.0,0.19769620895385742
3.141592653589793,0.0,100.0,0.19828391075134277
3.141592653589793,0.0,100.0,0.1988673210144043
3.141592653589793,0.0,100.0,0.19945049285888672
3.141592653589793,0.0,100.0,0.20003390312194824
3.141592653589793,0.0,100.0,0.2006208896636963
3.141592653589793,0.0,100.0,0.2012040615081787
3.141592653589793,0.0,100.0,0.20179080963134766
3.141592653589793,0.0,100.0,0.2023777961730957
3.141592653589793,0.0,100.0,0.20297622680664062
3.141592653589793,0.0,100.0,0.2035684585571289
3.141592653589793,0.0,100.0,0.20415544509887695
3.141592653589793,0.0,100.0,0.20475983619689941
3.141592653589793,0.0,100.0,0.20534515380859375
3.141592653589793,0.0,100.0,0.2059345245361328
3.141592653589793,0.0,100.0,0.20652127265930176
3.141592653589793,0.0,100.0,0.20712494850158691
3.141592653589793,0.0,100.0,0.20771503448486328
3.141592653589793,0.0,100.0,0.20829987525939941
3.141592653589793,0.0,100.0,0.20888638496398926
3.141592653589793,0.0,100.0,0.2094717025756836
3.141592653589793,0.0,100.0,0.21005845069885254
3.141592653589793,0.0,100.0,0.21064281463623047
3.141592653589793,0.0,100.0,0.211228609085083
3.141592653589793,0.0,100.0,0.21181249618530273
3.141592653589793,0.0,100.0,0.21239733695983887
3.141592653589793,0.0,100.0,0.2129824161529541
3.141592653589793,0.0,100.0,0.21356725692749023
3.141592653589793,0.0,100.0,0.21415209770202637
3.141592653589793,0.0,100.0,0.2147374153137207
3.141592653589793,0.0,100.0,0.21532273292541504
3.141592653589793,0.0,100.0,0.21590471267700195
3.141592653589793,0.0,100.0,0.21648931503295898
3.141592653589793,0.0,100.0,0.21708941459655762
3.141592653589793,0.0,100.0,0.21767950057983398
3.141592653589793,0.0,100.0,0.21826767921447754
3.141592653589793,0.0,100.0,0.21885299682617188
3.141592653589793,0.0,100.0,0.21946239471435547
3.141592653589793,0.0,100.0,0.22004938125610352
3.141592653589793,0.0,100.0,0.22063517570495605
3.141592653589793,0.0,100.0,0.2212204933166504
3.141592653589793,0.0,100.0,0.22180628776550293
3.141592653589793,0.0,100.0,0.22239112854003906
3.141592653589793,0.0,100.0,0.2229752540588379
3.141592653589793,0.0,100.0,0.22356295585632324
3.141592653589793,0.0,100.0,0.22414731979370117
3.141592653589793,0.0,100.0,0.22473502159118652
3.141592653589793,0.0,100.0,0.22531938552856445
3.141592653589793,0.0,100.0,0.2259044647216797
3.141592653589793,0.0,100.0,0.22648835182189941
3.141592653589793,0.0,100.0,0.22709226608276367
3.141592653589793,0.0,100.0,0.22767400741577148
3.141592653589793,0.0,100.0,0.22824382781982422
3.141592653589793,0.0,100.0,0.22881364822387695
3.141592653589793,0.0,100.0,0.22939062118530273
3.141592653589793,0.0,100.0,0.22995901107788086
3.141592653589793,0.0,100.0,0.23052597045898438
3.141592653589793,0.0,100.0,0.23109197616577148
3.141592653589793,0.0,100.0,0.23166656494140625
3.141592653589793,0.0,100.0,0.23223304748535156
3.141592653589793,0.0,100.0,0.23279905319213867
3.141592653589793,0.0,100.0,0.2333669662475586
3.141592653589793,0.0,100.0,0.23393487930297852
3.141592653589793,0.0,100.0,0.23450326919555664
3.141592653589793,0.0,100.0,0.23507118225097656
3.141592653589793,0.0,100.0,0.23563909530639648
3.141592653589793,0.0,100.0,0.2362067699432373
3.141592653589793,0.0,100.0,0.23677444458007812
3.141592653589793,0.0,100.0,0.23736953735351562
3.141592653589793,0.0,100.0,0.23795795440673828
3.141592653589793,0.0,100.0,0.23854446411132812
3.141592653589793,0.0,100.0,0.23913335800170898
3.141592653589793,0.0,100.0,0.23971843719482422
3.141592653589793,0.0,100.0,0.24030518531799316
3.141592653589793,0.0,100.0,0.2408909797668457
3.141592653589793,0.0,100.0,0.24147558212280273
3.141592653589793,0.0,100.0,0.24206209182739258
3.141592653589793,0.0,100.0,0.24264931678771973
3.141592653589793,0.0,100.0,0.24323463439941406
3.141592653589793,0.0,100.0,0.2438220977783203
3.141592653589793,0.0,100.0,0.2444291114807129
3.141592653589793,0.0,100.0,0.24501633644104004
3.141592653589793,0.0,100.0,0.2456040382385254
3.141592653589793,0.0,100.0,0.24618840217590332
3.141592653589793,0.0,100.0,0.24677228927612305
3.141592653589793,0.0,100.0,0.2473738193511963
3.141592653589793,0.0,100.0,0.24796366691589355
3.141592653589793,0.0,100.0,0.2485499382019043
3.141592653589793,0.0,100.0,0.24914979934692383
3.141592653589793,0.0,100.0,0.24973702430725098
3.141592653589793,0.0,100.0,0.2503232955932617
3.141592653589793,0.0,100.0,0.25091099739074707
3.141592653589793,0.0,100.0,0.2514963150024414
3.141592653589793,0.0,100.0,0.25208210945129395
3.141592653589793,0.0,100.0,0.2526676654815674
3.141592653589793,0.0,100.0,0.2532532215118408
3.141592653589793,0.0,100.0,0.25383973121643066
3.141592653589793,0.0,100.0,0.2544269561767578
3.141592653589793,0.0,100.0,0.25501441955566406
3.141592653589793,0.0,100.0,0.2555992603302002
3.141592653589793,0.0,100.0,0.25618529319763184
3.141592653589793,0.0,100.0,0.25677037239074707
3.141592653589793,0.0,100.0,0.2573716640472412
3.141592653589793,0.0,100.0,0.25795912742614746
3.141592653589793,0.0,100.0,0.25855278968811035
3.141592653589793,0.0,100.0,0.25916099548339844
3.141592653589793,0.0,100.0,0.2597477436065674
3.141592653589793,0.0,100.0,0.26033496856689453
3.141592653589793,0.0,100.0,0.26091957092285156
3.141592653589793,0.0,100.0,0.261505126953125
3.141592653589793,0.0,100.0,0.26209139823913574
3.141592653589793,0.0,100.0,0.2626791000366211
3.141592653589793,0.0,100.0,0.26326465606689453
3.141592653589793,0.0,100.0,0.2638528347015381
3.141592653589793,0.0,100.0,0.26444220542907715
3.141592653589793,0.0,100.0,0.2650272846221924
3.141592653589793,0.0,100.0,0.2656271457672119
3.141592653589793,0.0,100.0,0.2662520408630371
3.141592653589793,0.0,100.0,0.2668304443359375
3.141592653589793,0.0,100.0,0.2674088478088379
3.141592653589793,0.0,100.0,0.26798367500305176
3.141592653589793,0.0,100.0,0.2685563564300537
3.141592653589793,0.0,100.0,0.26912903785705566
3.141592653589793,0.0,100.0,0.2697000503540039
3.141592653589793,0.0,100.0,0.27027010917663574
3.141592653589793,0.0,100.0,0.2708404064178467
3.141592653589793,0.0,100.0,0.271409273147583
3.141592653589793,0.0,100.0,0.27197861671447754
3.141592653589793,0.0,100.0,0.2725491523742676
3.141592653589793,0.0,100.0,0.27312135696411133
3.141592653589793,0.0,100.0,0.27369070053100586
3.141592653589793,0.0,100.0,0.2742595672607422
3.141592653589793,0.0,100.0,0.2748298645019531
3.141592653589793,0.0,100.0,0.27539896965026855
3.141592653589793,0.0,100.0,0.2759666442871094
3.141592653589793,0.0,100.0,0.2765357494354248
3.141592653589793,0.0,100.0,0.27712202072143555
3.141592653589793,0.0,100.0,0.2776927947998047
3.141592653589793,0.0,100.0,0.2782626152038574
3.141592653589793,0.0,100.0,0.27883148193359375
3.141592653589793,0.0,100.0,0.27939939498901367
3.141592653589793,0.0,100.0,0.2799680233001709
3.141592653589793,0.0,100.0,0.28053712844848633
3.141592653589793,0.0,100.0,0.2811157703399658
3.141592653589793,0.0,100.0,0.2816932201385498
3.141592653589793,0.0,100.0,0.28226184844970703
3.141592653589793,0.0,100.0,0.28283071517944336
3.141592653589793,0.0,100.0,0.28340911865234375
3.141592653589793,0.0,100.0,0.2839789390563965
3.141592653589793,0.0,100.0,0.2845487594604492
3.141592653589793,0.0,100.0,0.28511548042297363
3.141592653589793,0.0,100.0,0.28568458557128906
3.141592653589793,0.0,100.0,0.2862510681152344
3.141592653589793,0.0,100.0,0.2868196964263916
3.141592653589793,0.0,100.0,0.28743863105773926
3.141592653589793,0.0,100.0,0.2880244255065918
3.141592653589793,0.0,100.0,0.28859734535217285
3.141592653589793,0.0,100.0,0.2891700267791748
3.141592653589793,0.0,100.0,0.28974080085754395
3.141592653589793,0.0,100.0,0.2903120517730713
3.141592653589793,0.0,100.0,0.2908816337585449
3.141592653589793,0.0,100.0,0.2914612293243408
3.141592653589793,0.0,100.0,0.29203081130981445
3.141592653589793,0.0,100.0,0.2925987243652344
3.141592653589793,0.0,100.0,0.2931976318359375
3.141592653589793,0.0,100.0,0.29376816749572754
3.141592653589793,0.0,100.0,0.2943451404571533
3.141592653589793,0.0,100.0,0.29491353034973145
3.141592653589793,0.0,100.0,0.29549145698547363
3.141592653589793,0.0,100.0,0.29606056213378906
3.141592653589793,0.0,100.0,0.296630859375
3.141592653589793,0.0,100.0,0.2972068786621094
3.141592653589793,0.0,100.0,0.29780101776123047
3.141592653589793,0.0,100.0,0.2983701229095459
3.141592653589793,0.0,100.0,0.29894089698791504
3.141592653589793,0.0,100.0,0.29950809478759766
3.141592653589793,0.0,100.0,0.30007505416870117
3.141592653589793,0.0,100.0,0.30065250396728516
3.141592653589793,0.0,100.0,0.3012206554412842
3.141592653589793,0.0,100.0,0.30179810523986816
3.141592653589793,0.0,100.0,0.3023660182952881
3.141592653589793,0.0,100.0,0.3029482364654541
3.141592653589793,0.0,100.0,0.30351805686950684
3.141592653589793,0.0,100.0,0.30408596992492676
3.141592653589793,0.0,100.0,0.3046550750732422
3.141592653589793,0.0,100.0,0.3052232265472412
3.141592653589793,0.0,100.0,0.30579137802124023
3.141592653589793,0.0,100.0,0.30636143684387207
3.141592653589793,0.0,100.0,0.30693793296813965
3.141592653589793,0.0,100.0,0.30754780769348145
3.141592653589793,0.0,100.0,0.3081178665161133
3.141592653589793,0.0,100.0,0.3086891174316406
3.141592653589793,0.0,100.0,0.30925869941711426
3.141592653589793,0.0,100.0,0.3098289966583252
3.141592653589793,0.0,100.0,0.3103971481323242
3.141592653589793,0.0,100.0,0.31096649169921875
3.141592653589793,0.0,100.0,0.3115363121032715
3.141592653589793,0.0,100.0,0.31211066246032715
3.141592653589793,0.0,100.0,0.31270408630371094
3.141592653589793,0.0,100.0,0.3132786750793457
3.141592653589793,0.0,100.0,0.313845157623291
3.141592653589793,0.0,100.0,0.31441187858581543
3.141592653589793,0.0,100.0,0.31498098373413086
3.141592653589793,0.0,100.0,0.315549373626709
3.141592653589793,0.0,100.0,0.316115140914917
3.141592653589793,0.0,100.0,0.3166828155517578
3.141592653589793,0.0,100.0,0.3172600269317627
3.141592653589793,0.0,100.0,0.31788206100463867
3.141592653589793,0.0,100.0,0.3184690475463867
3.141592653589793,0.0,100.0,0.31905341148376465
3.141592653589793,0.0,100.0,0.3196399211883545
3.141592653589793,0.0,100.0,0.32022666931152344
3.141592653589793,0.0,100.0,0.32081007957458496
3.141592653589793,0.0,100.0,0.3213944435119629
3.141592653589793,0.0,100.0,0.3219797611236572
3.141592653589793,0.0,100.0,0.3225688934326172
3.141592653589793,0.0,100.0,0.3231544494628906
3.141592653589793,0.0,100.0,0.32374024391174316
3.141592653589793,0.0,100.0,0.3243255615234375
3.141592653589793,0.0,100.0,0.32491040229797363
3.141592653589793,0.0,100.0,0.32549571990966797
3.141592653589793,0.0,100.0,0.326080322265625
3.141592653589793,0.0,100.0,0.3266642093658447
3.141592653589793,0.0,100.0,0.3272526264190674
3.141592653589793,0.0,100.0,0.3278367519378662
3.141592653589793,0.0,100.0,0.32842206954956055
3.141592653589793,0.0,100.0,0.3290064334869385
3.141592653589793,0.0,100.0,0.3295905590057373
3.141592653589793,0.0,100.0,0.33017539978027344
3.141592653589793,0.0,100.0,0.33075976371765137
3.141592653589793,0.0,100.0,0.3313429355621338
3.141592653589793,0.0,100.0,0.33192896842956543
3.141592653589793,0.0,100.0,0.3325467109680176
3.141592653589793,0.0,100.0,0.3331315517425537
3.141592653589793,0.0,100.0,0.33371663093566895
3.141592653589793,0.0,100.0,0.334301233291626
3.141592653589793,0.0,100.0,0.3348848819732666
3.141592653589793,0.0,100.0,0.3354666233062744
3.141592653589793,0.0,100.0,0.33605146408081055
3.141592653589793,0.0,100.0,0.3366363048553467
3.141592653589793,0.0,100.0,0.3372213840484619
3.141592653589793,0.0,100.0,0.33780694007873535
3.141592653589793,0.0,100.0,0.3383913040161133
3.141592653589793,0.0,100.0,0.3389763832092285
3.141592653589793,0.0,100.0,0.33956217765808105
3.141592653589793,0.0,100.0,0.3401479721069336
3.141592653589793,0.0,100.0,0.3407323360443115
3.141592653589793,0.0,100.0,0.34131908416748047
3.141592653589793,0.0,100.0,0.3419051170349121
3.141592653589793,0.0,100.0,0.34248924255371094
3.141592653589793,0.0,100.0,0.3430752754211426
3.141592653589793,0.0,100.0,0.3436622619628906
3.141592653589793,0.0,100.0,0.34424757957458496
3.141592653589793,0.0,100.0,0.3448331356048584
3.141592653589793,0.0,100.0,0.3454172611236572
3.141592653589793,0.0,100.0,0.34600067138671875
3.141592653589793,0.0,100.0,0.3465855121612549
3.141592653589793,0.0,100.0,0.34720277786254883
3.141592653589793,0.0,100.0,0.34778690338134766
3.141592653589793,0.0,100.0,0.3483717441558838
3.141592653589793,0.0,100.0,0.3489573001861572
3.141592653589793,0.0,100.0,0.34954214096069336
3.141592653589793,0.0,100.0,0.3501267433166504
3.141592653589793,0.0,100.0,0.35071325302124023
3.141592653589793,0.0,100.0,0.35129714012145996
3.141592653589793,0.0,100.0,0.35189175605773926
3.141592653589793,0.0,100.0,0.3524770736694336
3.141592653589793,0.0,100.0,0.3530607223510742
3.141592653589793,0.0,100.0,0.35364508628845215
3.141592653589793,0.0,100.0,0.3542301654815674
3.141592653589793,0.0,100.0,0.3548145294189453
3.141592653589793,0.0,100.0,0.35540080070495605
3.141592653589793,0.0,100.0,0.3559865951538086
3.141592653589793,0.0,100.0,0.3565711975097656
3.141592653589793,0.0,100.0,0.35715651512145996
3.141592653589793,0.0,100.0,0.3577432632446289
3.141592653589793,0.0,100.0,0.35832643508911133
3.141592653589793,0.0,100.0,0.35891151428222656
3.141592653589793,0.0,100.0,0.3594968318939209
3.141592653589793,0.0,100.0,0.3600809574127197
3.141592653589793,0.0,100.0,0.36066389083862305
3.141592653589793,0.0,100.0,0.3612487316131592
3.141592653589793,0.0,100.0,0.3618314266204834
3.141592653589793,0.0,100.0,0.3624136447906494
3.141592653589793,0.0,100.0,0.36299967765808105
3.141592653589793,0.0,100.0,0.3635823726654053
3.141592653589793,0.0,100.0,0.3641653060913086
3.141592653589793,0.0,100.0,0.3647499084472656
3.141592653589793,0.0,100.0,0.36533546447753906
3.141592653589793,0.0,100.0,0.3659186363220215
3.141592653589793,0.0,100.0,0.3665318489074707
3.141592653589793,0.0,100.0,0.36712098121643066
3.141592653589793,0.0,100.0,0.36771488189697266
3.141592653589793,0.0,100.0,0.3683035373687744
3.141592653589793,0.0,100.0,0.36888813972473145
3.141592653589793,0.0,100.0,0.3694741725921631
3.141592653589793,0.0,100.0,0.3700578212738037
3.141592653589793,0.0,100.0,0.37064337730407715
3.141592653589793,0.0,100.0,0.3712313175201416
3.141592653589793,0.0,100.0,0.37181687355041504
3.141592653589793,0.0,100.0,0.37240147590637207
3.141592653589793,0.0,100.0,0.3729851245880127
3.141592653589793,0.0,100.0,0.37357020378112793
3.141592653589793,0.0,100.0,0.37415242195129395
3.141592653589793,0.0,100.0,0.3747382164001465
3.141592653589793,0.0,100.0,0.3753223419189453
3.141592653589793,0.0,100.0,0.37590503692626953
3.141592653589793,0.0,100.0,0.37648963928222656
3.141592653589793,0.0,100.0,0.37709736824035645
3.141592653589793,0.0,100.0,0.3776876926422119
3.141592653589793,0.0,100.0,0.37827396392822266
3.141592653589793,0.0,100.0,0.3788604736328125
3.141592653589793,0.0,100.0,0.3794436454772949
3.141592653589793,0.0,100.0,0.38003063201904297
3.141592653589793,0.0,100.0,0.3806157112121582
3.141592653589793,0.0,100.0,0.38123655319213867
3.141592653589793,0.0,100.0,0.3818247318267822
3.141592653589793,0.0,100.0,0.3824129104614258
3.141592653589793,0.0,100.0,0.38300013542175293
3.141592653589793,0.0,100.0,0.38358497619628906
3.141592653589793,0.0,100.0,0.3841724395751953
3.141592653589793,0.0,100.0,0.38475894927978516
3.141592653589793,0.0,100.0,0.3853428363800049
3.141592653589793,0.0,100.0,0.3859283924102783
3.141592653589793,0.0,100.0,0.38651514053344727
3.141592653589793,0.0,100.0,0.387117862701416
3.141592653589793,0.0,100.0,0.3877084255218506
3.141592653589793,0.0,100.0,0.388293981552124
3.141592653589793,0.0,100.0,0.38887929916381836
3.141592653589793,0.0,100.0,0.3894662857055664
3.141592653589793,0.0,100.0,0.39005017280578613
3.141592653589793,0.0,100.0,0.39063405990600586
3.141592653589793,0.0,100.0,0.39126110076904297
3.141592653589793,0.0,100.0,0.3918471336364746
3.141592653589793,0.0,100.0,0.39243340492248535
3.141592653589793,0.0,100.0,0.3930182456970215
3.141592653589793,0.0,100.0,0.3936033248901367
3.141592653589793,0.0,100.0,0.39418864250183105
3.141592653589793,0.0,100.0,0.3947732448577881
3.141592653589793,0.0,100.0,0.3953578472137451
3.141592653589793,0.0,100.0,0.39595985412597656
3.141592653589793,0.0,100.0,0.3965461254119873
3.141592653589793,0.0,100.0,0.3971443176269531
3.141592653589793,0.0,100.0,0.3977327346801758
3.141592653589793,0.0,100.0,0.3983175754547119
3.141592653589793,0.0,100.0,0.39890432357788086
3.141592653589793,0.0,100.0,0.3994920253753662
3.141592653589793,0.0,100.0,0.40007781982421875
3.141592653589793,0.0,100.0,0.4006626605987549
3.141592653589793,0.0,100.0,0.4012470245361328
3.141592653589793,0.0,100.0,0.40183353424072266
3.141592653589793,0.0,100.0,0.40241575241088867
3.141592653589793,0.0,100.0,0.4030022621154785
3.141592653589793,0.0,100.0,0.40358710289001465
3.141592653589793,0.0,100.0,0.4041728973388672
3.141592653589793,0.0,100.0,0.4048128128051758
3.141592653589793,0.0,100.0,0.4055783748626709
3.141592653589793,0.0,100.0,0.4063301086425781
3.141592653589793,0.0,100.0,0.4070899486541748
3.141592653589793,0.0,100.0,0.4077491760253906
3.141592653589793,0.0,100.0,0.4083387851715088
3.141592653589793,0.0,100.0,0.4089179039001465
3.141592653589793,0.0,100.0,0.40949440002441406
3.141592653589793,0.0,100.0,0.4100677967071533
3.141592653589793,0.0,100.0,0.4106426239013672
3.141592653589793,0.0,100.0,0.41121673583984375
3.141592653589793,0.0,100.0,0.4117894172668457
3.141592653589793,0.0,100.0,0.41236257553100586
3.141592653589793,0.0,100.0,0.4129354953765869
3.141592653589793,0.0,100.0,0.41350793838500977
3.141592653589793,0.0,100.0,0.4140794277191162
3.141592653589793,0.0,100.0,0.41465139389038086
3.141592653589793,0.0,100.0,0.4152352809906006
3.141592653589793,0.0,100.0,0.41580724716186523
3.141592653589793,0.0,100.0,0.4163811206817627
3.141592653589793,0.0,100.0,0.41695499420166016
3.141592653589793,0.0,100.0,0.4175379276275635
3.141592653589793,0.0,100.0,0.4181199073791504
3.141592653589793,0.0,100.0,0.41869211196899414
3.141592653589793,0.0,100.0,0.4192636013031006
3.141592653589793,0.0,100.0,0.4198343753814697
3.141592653589793,0.0,100.0,0.42041826248168945
3.141592653589793,0.0,100.0,0.4209887981414795
3.141592653589793,0.0,100.0,0.42156171798706055
3.141592653589793,0.0,100.0,0.42214083671569824
3.141592653589793,0.0,100.0,0.42275500297546387
3.141592653589793,0.0,100.0,0.42333102226257324
3.141592653589793,0.0,100.0,0.4239044189453125
3.141592653589793,0.0,100.0,0.42447638511657715
3.141592653589793,0.0,100.0,0.4250500202178955
3.141592653589793,0.0,100.0,0.42561912536621094
3.141592653589793,0.0,100.0,0.42618823051452637
3.141592653589793,0.0,100.0,0.4267580509185791
3.141592653589793,0.0,100.0,0.4274101257324219
3.141592653589793,0.0,100.0,0.42800068855285645
3.141592653589793,0.0,100.0,0.4285755157470703
3.141592653589793,0.0,100.0,0.4291501045227051
3.141592653589793,0.0,100.0,0.42972254753112793
3.141592653589793,0.0,100.0,0.4302961826324463
3.141592653589793,0.0,100.0,0.43086910247802734
3.141592653589793,0.0,100.0,0.4314429759979248
3.141592653589793,0.0,100.0,0.43201518058776855
3.141592653589793,0.0,100.0,0.432586669921875
3.141592653589793,0.0,100.0,0.43315958976745605
3.141592653589793,0.0,100.0,0.433732271194458
3.141592653589793,0.0,100.0,0.43430471420288086
3.141592653589793,0.0,100.0,0.4348752498626709
3.141592653589793,0.0,100.0,0.43544602394104004
3.141592653589793,0.0,100.0,0.43602514266967773
3.141592653589793,0.0,100.0,0.4365992546081543
3.141592653589793,0.0,100.0,0.43718719482421875
3.141592653589793,0.0,100.0,0.43776392936706543
3.141592653589793,0.0,100.0,0.43834400177001953
3.141592653589793,0.0,100.0,0.438915491104126
3.141592653589793,0.0,100.0,0.4394876956939697
3.141592653589793,0.0,100.0,0.44005918502807617
3.141592653589793,0.0,100.0,0.44063234329223633
3.141592653589793,0.0,100.0,0.44120311737060547
3.141592653589793,0.0,100.0,0.4417755603790283
3.141592653589793,0.0,100.0,0.44234752655029297
3.141592653589793,0.0,100.0,0.4429197311401367
3.141592653589793,0.0,100.0,0.44349217414855957
3.141592653589793,0.0,100.0,0.4440631866455078
3.141592653589793,0.0,100.0,0.44463133811950684
3.141592653589793,0.0,100.0,0.4452023506164551
3.141592653589793,0.0,100.0,0.4457738399505615
3.141592653589793,0.0,100.0,0.44634485244750977
3.141592653589793,0.0,100.0,0.4469172954559326
3.141592653589793,0.0,100.0,0.4474918842315674
3.141592653589793,0.0,100.0,0.448061466217041
3.141592653589793,0.0,100.0,0.44863414764404297
3.141592653589793,0.0,100.0,0.4492337703704834
3.141592653589793,0.0,100.0,0.44982314109802246
3.141592653589793,0.0,100.0,0.45039916038513184
3.141592653589793,0.0,100.0,0.4509737491607666
3.141592653589793,0.0,100.0,0.45154595375061035
3.141592653589793,0.0,100.0,0.4521191120147705
3.141592653589793,0.0,100.0,0.45268893241882324
3.141592653589793,0.0,100.0,0.4532585144042969
3.141592653589793,0.0,100.0,0.4538278579711914
3.141592653589793,0.0,100.0,0.4544050693511963
3.141592653589793,0.0,100.0,0.4549722671508789
3.141592653589793,0.0,100.0,0.45554518699645996
3.141592653589793,0.0,100.0,0.4561142921447754
3.141592653589793,0.0,100.0,0.4566836357116699
3.141592653589793,0.0,100.0,0.4572560787200928
3.141592653589793,0.0,100.0,0.4578404426574707
3.141592653589793,0.0,100.0,0.45841383934020996
3.141592653589793,0.0,100.0,0.4589838981628418
3.141592653589793,0.0,100.0,0.45955920219421387
3.141592653589793,0.0,100.0,0.4601290225982666
3.141592653589793,0.0,100.0,0.46069955825805664
3.141592653589793,0.0,100.0,0.46127843856811523
3.141592653589793,0.0,100.0,0.46184825897216797
3.141592653589793,0.0,100.0,0.4624180793762207
3.141592653589793,0.0,100.0,0.46298909187316895
3.141592653589793,0.0,100.0,0.4635608196258545
3.141592653589793,0.0,100.0,0.4641599655151367
3.141592653589793,0.0,100.0,0.46473073959350586
3.141592653589793,0.0,100.0,0.4652993679046631
3.141592653589793,0.0,100.0,0.4658689498901367
3.141592653589793,0.0,100.0,0.46650028228759766
3.141592653589793,0.0,100.0,0.4671163558959961
3.141592653589793,0.0,100.0,0.46771717071533203
3.141592653589793,0.0,100.0,0.4682948589324951
3.141592653589793,0.0,100.0,0.4688684940338135
3.141592653589793,0.0,100.0,0.46944165229797363
3.141592653589793,0.0,100.0,0.4700138568878174
3.141592653589793,0.0,100.0,0.4705839157104492
3.141592653589793,0.0,100.0,0.4711575508117676
3.141592653589793,0.0,100.0,0.47173023223876953
3.141592653589793,0.0,100.0,0.4723026752471924
3.141592653589793,0.0,100.0,0.47287607192993164
3.141592653589793,0.0,100.0,0.4734487533569336
3.141592653589793,0.0,100.0,0.4740183353424072
3.141592653589793,0.0,100.0,0.474590539932251
3.141592653589793,0.0,100.0,0.47516345977783203
3.141592653589793,0.0,100.0,0.47573328018188477
3.141592653589793,0.0,100.0,0.4763064384460449
3.141592653589793,0.0,100.0,0.47687840461730957
3.141592653589793,0.0,100.0,0.4774656295776367
3.141592653589793,0.0,100.0,0.4780402183532715
3.141592653589793,0.0,100.0,0.47861504554748535
3.141592653589793,0.0,100.0,0.4791872501373291
3.141592653589793,0.0,100.0,0.47975873947143555
3.141592653589793,0.0,100.0,0.4803328514099121
3.141592653589793,0.0,100.0,0.48090434074401855
3.141592653589793,0.0,100.0,0.4814767837524414
3.141592653589793,0.0,100.0,0.48204779624938965
3.141592653589793,0.0,100.0,0.4826183319091797
3.141592653589793,0.0,100.0,0.48318982124328613
3.141592653589793,0.0,100.0,0.48376965522766113
3.141592653589793,0.0,100.0,0.4843406677246094
3.141592653589793,0.0,100.0,0.48491406440734863
3.141592653589793,0.0,100.0,0.485487699508667
3.141592653589793,0.0,100.0,0.48606038093566895
3.141592653589793,0.0,100.0,0.4866359233856201
3.141592653589793,0.0,100.0,0.4872136116027832
3.141592653589793,0.0,100.0,0.4877893924713135
3.141592653589793,0.0,100.0,0.4883699417114258
3.141592653589793,0.0,100.0,0.4889411926269531
3.141592653589793,0.0,100.0,0.48951148986816406
3.141592653589793,0.0,100.0,0.4900844097137451
3.141592653589793,0.0,100.0,0.49065494537353516
3.141592653589793,0.0,100.0,0.4912271499633789
3.141592653589793,0.0,100.0,0.49179720878601074
3.141592653589793,0.0,100.0,0.4923675060272217
3.141592653589793,0.0,100.0,0.4929475784301758
3.141592653589793,0.0,100.0,0.49353456497192383
3.141592653589793,0.0,100.0,0.49410486221313477
3.141592653589793,0.0,100.0,0.49468374252319336
3.141592653589793,0.0,100.0,0.4952559471130371
3.141592653589793,0.0,100.0,0.49582505226135254
3.141592653589793,0.0,100.0,0.49639344215393066
3.141592653589793,0.0,100.0,0.4969649314880371
3.141592653589793,0.0,100.0,0.4975395202636719
3.141592653589793,0.0,100.0,0.498110294342041
3.141592653589793,0.0,100.0,0.4987151622772217
3.141592653589793,0.0,100.0,0.4992866516113281
3.141592653589793,0.0,100.0,0.49985647201538086
3.141592653589793,0.0,100.0,0.5006368160247803
3.141592653589793,0.0,100.0,0.5014152526855469
3.141592653589793,0.0,100.0,0.5021913051605225
3.1385246920140215,0.0,100.0,0.5029664039611816
3.1385246920140215,0.0,100.0,0.5037713050842285
3.1385246920140215,0.0,100.0,0.5045454502105713
3.1385246920140215,0.0,100.0,0.5053207874298096
3.1385246920140215,0.0030679615757712823,100.0,0.506096601486206
3.1385246920140215,0.0030679615757712823,100.0,0.5068695545196533
3.1385246920140215,0.0030679615757712823,100.0,0.5076582431793213
3.1385246920140215,0.0030679615757712823,100.0,0.5084495544433594
3.1385246920140215,0.0030679615757712823,100.0,0.5092225074768066
3.1385246920140215,0.0030679615757712823,100.0,0.5099971294403076
3.13545673043825,0.0030679615757712823,100.0,0.5107710361480713
3.13545673043825,0.0030679615757712823,100.0,0.5115444660186768
3.13545673043825,0.006135923151542565,100.0,0.51241135597229
3.13545673043825,0.006135923151542565,100.0,0.5132944583892822
3.13545673043825,0.006135923151542565,100.0,0.5140857696533203
3.132388768862479,0.006135923151542565,100.0,0.5148711204528809
3.132388768862479,0.006135923151542565,100.0,0.5156505107879639
3.132388768862479,0.009203884727313847,100.0,0.516425609588623
3.132388768862479,0.009203884727313847,100.0,0.517202615737915
3.129320807286708,0.009203884727313847,100.0,0.5179867744445801
3.129320807286708,0.009203884727313847,100.0,0.518763542175293
3.129320807286708,0.01227184630308513,100.0,0.5195412635803223
3.126252845710937,0.01227184630308513,100.0,0.5203173160552979
3.126252845710937,0.01227184630308513,100.0,0.5210914611816406
3.126252845710937,0.01533980787885641,100.0,0.5218667984008789
3.1231848841351653,0.01533980787885641,100.0,0.5226428508758545
3.1231848841351653,0.018407769454627694,100.0,0.5234177112579346
3.1231848841351653,0.018407769454627694,100.0,0.52419114112854
3.1201169225593937,0.018407769454627694,100.0,0.5249664783477783
3.1201169225593937,0.021475731030398973,100.0,0.5257408618927002
3.1170489609836225,0.021475731030398973,100.0,0.5265254974365234
3.1170489609836225,0.021475731030398973,100.0,0.5273292064666748
3.1139809994078513,0.02454369260617026,100.0,0.5281102657318115
3.1139809994078513,0.02454369260617026,100.0,0.5288896560668945
3.1109130378320806,0.02761165418194154,100.0,0.5296659469604492
3.1109130378320806,0.02761165418194154,100.0,0.5304381847381592
3.107845076256308,0.03067961575771282,100.0,0.5312144756317139
3.107845076256308,0.03067961575771282,100.0,0.5319888591766357
3.1047771146805374,0.0337475773334841,100.0,0.5327987670898438
3.1047771146805374,0.0337475773334841,100.0,0.5335719585418701
3.1017091531047662,0.03681553890925539,100.0,0.5343446731567383
3.1017091531047662,0.03681553890925539,100.0,0.5351147651672363
3.098641191528995,0.03988350048502667,100.0,0.5358877182006836
3.098641191528995,0.03988350048502667,100.0,0.5366683006286621
3.0955732299532235,0.042951462060797946,100.0,0.5374460220336914
3.0925052683774528,0.042951462060797946,100.0,0.538257360458374
3.0925052683774528,0.04601942363656923,100.0,0.5390324592590332
3.0894373068016807,0.04908738521234052,100.0,0.5398068428039551
3.0894373068016807,0.04908738521234052,100.0,0.540583610534668
3.08636934522591,0.05215534678811179,100.0,0.5413558483123779
3.083301383650139,0.05215534678811179,100.0,0.542128324508667
3.083301383650139,0.05522330836388308,100.0,0.5429213047027588
3.0802334220743672,0.05829126993965436,100.0,0.5436935424804688
3.0771654604985956,0.05829126993965436,100.0,0.5444724559783936
3.0771654604985956,0.06135923151542564,100.0,0.5452547073364258
3.074097498922825,0.06442719309119693,100.0,0.5460267066955566
3.074097498922825,0.06442719309119693,100.0,0.5467989444732666
3.0710295373470533,0.0674951546669682,100.0,0.5476007461547852
3.0679615757712826,0.07056311624273949,100.0,0.5483908653259277
3.064893614195511,0.07056311624273949,100.0,0.5491700172424316
3.064893614195511,0.07363107781851078,100.0,0.5499475002288818
3.0618256526197394,0.07669903939428205,100.0,0.5507214069366455
3.058757691043968,0.07669903939428205,100.0,0.5514926910400391
3.058757691043968,0.07976700097005333,100.0,0.5522656440734863
3.0556897294681975,0.08283496254582462,100.0,0.5530369281768799
3.0526217678924255,0.08590292412159589,100.0,0.5538110733032227
3.0495538063166547,0.08590292412159589,100.0,0.5545845031738281
3.0495538063166547,0.08897088569736718,100.0,0.55535888671875
3.046485844740883,0.09203884727313846,100.0,0.5561344623565674
3.043417883165112,0.09203884727313846,100.0,0.5569190979003906
3.043417883165112,0.09510680884890975,100.0,0.557708740234375
3.040349921589341,0.09817477042468103,100.0,0.5584871768951416
3.037281960013569,0.1012427320004523,100.0,0.5592617988586426
3.0342139984377976,0.10431069357622358,100.0,0.560035228729248
3.0342139984377976,0.10431069357622358,100.0,0.5608093738555908
3.031146036862027,0.10737865515199488,100.0,0.5615863800048828
3.0280780752862557,0.11044661672776616,100.0,0.5623610019683838
3.0250101137104846,0.11351457830353745,100.0,0.5631449222564697
3.0250101137104846,0.11351457830353745,100.0,0.5639190673828125
3.021942152134713,0.11658253987930872,100.0,0.5646917819976807
3.0188741905589414,0.11965050145508002,100.0,0.5654661655426025
3.01580622898317,0.12271846303085128,100.0,0.5662503242492676
3.012738267407399,0.1257864246066226,100.0,0.567068338394165
3.012738267407399,0.12885438618239387,100.0,0.56784987449646
3.0096703058316283,0.12885438618239387,100.0,0.5686287879943848
3.006602344255856,0.13192234775816514,100.0,0.5694015026092529
3.003534382680085,0.1349903093339364,100.0,0.5701730251312256
3.000466421104314,0.13805827090970768,100.0,0.5709455013275146
3.000466421104314,0.14112623248547898,100.0,0.5717170238494873
2.997398459528543,0.14419419406125028,100.0,0.5725207328796387
2.9943304979527716,0.14419419406125028,100.0,0.573293924331665
2.991262536377,0.14726215563702155,100.0,0.5740664005279541
2.988194574801229,0.15033011721279282,100.0,0.5748429298400879
2.988194574801229,0.1533980787885641,100.0,0.5756163597106934
2.9851266132254577,0.15646604036433542,100.0,0.5763871669769287
2.9820586516496865,0.15953400194010667,100.0,0.5771806240081787
2.978990690073915,0.16260196351587794,100.0,0.577955961227417
2.978990690073915,0.16566992509164924,100.0,0.5787298679351807
2.9759227284981433,0.16566992509164924,100.0,0.5795040130615234
2.9728547669223726,0.1687378866674205,100.0,0.5802791118621826
2.969786805346601,0.17180584824319178,100.0,0.5810527801513672
2.96671884377083,0.17487380981896308,100.0,0.5818326473236084
2.96671884377083,0.17794177139473435,100.0,0.5826139450073242
2.9636508821950587,0.18100973297050565,100.0,0.5834066867828369
2.960582920619287,0.18407769454627693,100.0,0.5841851234436035
2.957514959043516,0.18714565612204823,100.0,0.5849616527557373
2.957514959043516,0.18714565612204823,100.0,0.5857417583465576
2.9544469974677448,0.1902136176978195,100.0,0.586519718170166
2.951379035891973,0.1932815792735908,100.0,0.5873188972473145
2.948311074316202,0.19634954084936207,100.0,0.5881001949310303
2.945243112740431,0.19941750242513331,100.0,0.5888786315917969
2.945243112740431,0.2024854640009046,100.0,0.5896563529968262
2.942175151164659,0.2055534255766759,100.0,0.590435266494751
2.9391071895888885,0.20862138715244716,100.0,0.5912115573883057
2.9360392280131173,0.21168934872821848,100.0,0.5919876098632812
2.9360392280131173,0.21475731030398976,100.0,0.592761754989624
2.9329712664373453,0.21475731030398976,100.0,0.5935356616973877
2.9299033048615746,0.21782527187976103,100.0,0.5943098068237305
2.9268353432858034,0.22089323345553233,100.0,0.5950825214385986
2.9268353432858034,0.22396119503130357,100.0,0.595855712890625
2.923767381710032,0.2270291566070749,100.0,0.5966277122497559
2.9206994201342606,0.23009711818284617,100.0,0.5974230766296387
2.9176314585584895,0.23316507975861744,100.0,0.5984148979187012
2.914563496982718,0.23623304133438872,100.0,0.5992660522460938
2.914563496982718,0.23930100291016004,100.0,0.6000738143920898
2.9114955354069467,0.24236896448593132,100.0,0.6008775234222412
2.908427573831176,0.24543692606170256,100.0,0.6016843318939209
2.908427573831176,0.24850488763747386,100.0,0.6024820804595947
2.905359612255404,0.2515728492132452,100.0,0.6032791137695312
2.902291650679633,0.2546408107890164,100.0,0.6040754318237305
2.902291650679633,0.25770877236478773,100.0,0.6048691272735596
2.899223689103862,0.260776733940559,100.0,0.6056647300720215
2.8961557275280905,0.2638446955163303,100.0,0.6064891815185547
2.8930877659523193,0.26691265709210155,100.0,0.6073086261749268
2.8930877659523193,0.2699806186678728,100.0,0.6081123352050781
2.8900198043765477,0.2699806186678728,100.0,0.6089086532592773
2.8869518428007765,0.2730485802436441,100.0,0.6097071170806885
2.8869518428007765,0.27611654181941536,100.0,0.6105031967163086
2.8838838812250054,0.2791845033951867,100.0,0.6112937927246094
2.8808159196492342,0.28225246497095796,100.0,0.6120879650115967
2.8808159196492342,0.28532042654672923,100.0,0.6128816604614258
2.8777479580734626,0.28838838812250056,100.0,0.6136746406555176
2.874679996497691,0.29145634969827183,100.0,0.6144709587097168
2.874679996497691,0.2945243112740431,100.0,0.6152637004852295
2.8716120349219203,0.2975922728498144,100.0,0.6160602569580078
2.8716120349219203,0.30066023442558565,100.0,0.6168534755706787
2.8685440733461487,0.303728196001357,100.0,0.6176538467407227
2.8654761117703775,0.3067961575771282,100.0,0.6184477806091309
2.8654761117703775,0.30986411915289946,100.0,0.6192426681518555
2.8624081501946064,0.31293208072867085,100.0,0.62003493309021
2.8624081501946064,0.31293208072867085,100.0,0.6208250522613525
2.8593401886188348,0.316000042304442,100.0,0.6216175556182861
2.8562722270430636,0.31906800388021334,100.0,0.6224093437194824
2.8562722270430636,0.32213596545598466,100.0,0.6232023239135742
2.8532042654672924,0.3252039270317559,100.0,0.6239957809448242
2.8532042654672924,0.3282718886075272,100.0,0.6247878074645996
2.850136303891521,0.3313398501832985,100.0,0.6255970001220703
2.850136303891521,0.33440781175906975,100.0,0.6263892650604248
2.8470683423157497,0.337475773334841,100.0,0.6271829605102539
2.8470683423157497,0.34054373491061235,100.0,0.6279635429382324
2.8440003807399785,0.34361169648638357,100.0,0.6287522315979004
2.8440003807399785,0.34667965806215484,100.0,0.629563570022583
2.840932419164207,0.34974761963792617,100.0,0.6303465366363525
2.840932419164207,0.34974761963792617,100.0,0.631122350692749
2.837864457588436,0.35281558121369744,100.0,0.6318933963775635
2.837864457588436,0.3558835427894687,100.0,0.6326653957366943
2.834796496012665,0.35895150436524004,100.0,0.6334390640258789
2.834796496012665,0.3620194659410113,100.0,0.6342203617095947
2.831728534436893,0.3650874275167826,100.0,0.6349942684173584
2.831728534436893,0.36815538909255385,100.0,0.6357686519622803
2.8286605728611223,0.3712233506683251,100.0,0.6365447044372559
2.8286605728611223,0.37429131224409645,100.0,0.6373507976531982
2.8286605728611223,0.37735927381986767,100.0,0.6381490230560303
2.825592611285351,0.380427235395639,100.0,0.6389451026916504
2.825592611285351,0.380427235395639,100.0,0.6397371292114258
2.8225246497095795,0.3834951969714103,100.0,0.6405308246612549
2.8225246497095795,0.3865631585471816,100.0,0.6413202285766602
2.8225246497095795,0.3896311201229528,100.0,0.6421113014221191
2.8194566881338083,0.39269908169872414,100.0,0.6429009437561035
2.8194566881338083,0.3957670432744954,100.0,0.6436905860900879
2.8194566881338083,0.39883500485026663,100.0,0.644484281539917
2.816388726558037,0.40190296642603796,100.0,0.6452763080596924
2.816388726558037,0.4049709280018092,100.0,0.6460685729980469
2.816388726558037,0.4080388895775805,100.0,0.6468608379364014
2.8133207649822656,0.4080388895775805,100.0,0.647655725479126
2.8133207649822656,0.4111068511533518,100.0,0.6484582424163818
2.8133207649822656,0.41417481272912315,100.0,0.6492750644683838
2.8102528034064944,0.4172427743048943,100.0,0.6500725746154785
2.8102528034064944,0.42031073588066564,100.0,0.6508679389953613
2.8102528034064944,0.42337869745643697,100.0,0.6516613960266113
2.8102528034064944,0.42644665903220824,100.0,0.6524543762207031
2.8071848418307237,0.4295146206079795,100.0,0.6532487869262695
2.8071848418307237,0.43258258218375084,100.0,0.6540398597717285
2.8071848418307237,0.43258258218375084,100.0,0.6548342704772949
2.8071848418307237,0.43565054375952206,100.0,0.6556229591369629
2.8041168802549516,0.43871850533529333,100.0,0.6564171314239502
2.8041168802549516,0.44178646691106466,100.0,0.6572108268737793
2.8041168802549516,0.4448544284868359,100.0,0.6579971313476562
2.8041168802549516,0.44792239006260715,100.0,0.658790111541748
2.8041168802549516,0.4509903516383785,100.0,0.6595816612243652
2.8041168802549516,0.4509903516383785,100.0,0.6603827476501465
2.8010489186791805,0.4540583132141498,100.0,0.6611733436584473
2.8010489186791805,0.45712627478992107,100.0,0.6619622707366943
2.8010489186791805,0.46019423636569234,100.0,0.6627511978149414
2.8010489186791805,0.4632621979414636,100.0,0.6635415554046631
2.8010489186791805,0.4663301595172349,100.0,0.6643311977386475
2.8010489186791805,0.46939812109300616,100.0,0.6651191711425781
2.8010489186791805,0.46939812109300616,100.0,0.6659524440765381
2.8010489186791805,0.47246608266877743,100.0,0.6667547225952148
2.8010489186791805,0.4755340442445487,100.0,0.667574405670166
2.7979809571034093,0.4786020058203201,100.0,0.6683597564697266
2.7979809571034093,0.4816699673960913,100.0,0.6691391468048096
2.7979809571034093,0.48473792897186263,100.0,0.6699192523956299
2.7979809571034093,0.48473792897186263,100.0,0.6706962585449219
2.7979809571034093,0.4878058905476339,100.0,0.6714687347412109
2.7979809571034093,0.4908738521234051,100.0,0.6722426414489746
2.7979809571034093,0.49394181369917645,100.0,0.6730155944824219
2.7979809571034093,0.4970097752749477,100.0,0.6737890243530273
2.7979809571034093,0.500077736850719,100.0,0.6745624542236328
2.7979809571034093,0.500077736850719,100.0,0.6753456592559814
2.7979809571034093,0.5031456984264904,100.0,0.6761178970336914
2.7979809571034093,0.5062136600022616,100.0,0.6768937110900879
2.7979809571034093,0.5092816215780328,100.0,0.6776726245880127
2.7979809571034093,0.5123495831538041,100.0,0.6784482002258301
2.7979809571034093,0.5123495831538041,100.0,0.6792197227478027
2.7979809571034093,0.5154175447295755,100.0,0.679995059967041
2.8010489186791805,0.5184855063053466,100.0,0.6807677745819092
2.8010489186791805,0.521553467881118,100.0,0.6815409660339355
2.8010489186791805,0.521553467881118,100.0,0.6823151111602783
2.8010489186791805,0.5246214294568893,100.0,0.6830871105194092
2.8010489186791805,0.5276893910326605,100.0,0.6838600635528564
2.8010489186791805,0.5307573526084318,100.0,0.6846423149108887
2.8010489186791805,0.5338253141842031,100.0,0.6854143142700195
2.8010489186791805,0.5338253141842031,100.0,0.6861884593963623
2.8041168802549516,0.5368932757599744,100.0,0.6869699954986572
2.8041168802549516,0.5399612373357456,100.0,0.6877508163452148
2.8041168802549516,0.543029198911517,100.0,0.6885275840759277
2.8041168802549516,0.5460971604872882,100.0,0.6893017292022705
2.8041168802549516,0.5460971604872882,100.0,0.6900844573974609
2.8041168802549516,0.5491651220630595,100.0,0.6908590793609619
2.8071848418307237,0.5522330836388307,100.0,0.6916325092315674
2.8071848418307237,0.5553010452146021,100.0,0.69240403175354
2.8071848418307237,0.5553010452146021,100.0,0.6931781768798828
2.8071848418307237,0.5583690067903734,100.0,0.6939520835876465
2.8102528034064944,0.5614369683661447,100.0,0.6947262287139893
2.8102528034064944,0.5645049299419159,100.0,0.6955013275146484
2.8102528034064944,0.5645049299419159,100.0,0.696274995803833
2.8133207649822656,0.5675728915176872,100.0,0.6970610618591309
2.8133207649822656,0.5706408530934585,100.0,0.697864294052124
2.8133207649822656,0.5706408530934585,100.0,0.6986584663391113
2.8133207649822656,0.5737088146692297,100.0,0.6994857788085938
2.816388726558037,0.5767767762450011,100.0,0.7002763748168945
2.816388726558037,0.5798447378207724,100.0,0.7010669708251953
2.816388726558037,0.5829126993965437,100.0,0.7018580436706543
2.8194566881338083,0.5829126993965437,100.0,0.7026503086090088
2.8194566881338083,0.5859806609723149,100.0,0.7034392356872559
2.8194566881338083,0.5890486225480862,100.0,0.704230785369873
2.8225246497095795,0.5921165841238574,100.0,0.7050204277038574
2.8225246497095795,0.5921165841238574,100.0,0.7058124542236328
2.825592611285351,0.5951845456996288,100.0,0.7066011428833008
2.825592611285351,0.5982525072754,100.0,0.7073969841003418
2.8286605728611223,0.6013204688511713,100.0,0.7081897258758545
2.8286605728611223,0.6013204688511713,100.0,0.7090024948120117
2.8286605728611223,0.6043884304269426,100.0,0.7097945213317871
2.831728534436893,0.607456392002714,100.0,0.710615873336792
2.831728534436893,0.607456392002714,100.0,0.7114181518554688
2.834796496012665,0.6105243535784851,100.0,0.7122142314910889
2.834796496012665,0.6135923151542564,100.0,0.7130086421966553
2.837864457588436,0.6166602767300278,100.0,0.7138028144836426
2.837864457588436,0.6166602767300278,100.0,0.7145984172821045
2.840932419164207,0.6197282383057989,100.0,0.7153918743133545
2.840932419164207,0.6227961998815703,100.0,0.7161836624145508
2.8440003807399785,0.6258641614573417,100.0,0.7169780731201172
2.8440003807399785,0.6258641614573417,100.0,0.7177720069885254
2.8470683423157497,0.6289321230331129,100.0,0.7185726165771484
2.8470683423157497,0.632000084608884,100.0,0.7193670272827148
2.850136303891521,0.632000084608884,100.0,0.720158576965332
2.8532042654672924,0.6350680461846554,100.0,0.7209527492523193
2.8532042654672924,0.6381360077604267,100.0,0.7217485904693604
2.8562722270430636,0.6381360077604267,100.0,0.722541332244873
2.8562722270430636,0.6412039693361979,100.0,0.723334789276123
2.8593401886188348,0.6442719309119693,100.0,0.724128007888794
2.8624081501946064,0.6442719309119693,100.0,0.7250850200653076
2.8624081501946064,0.6473398924877406,100.0,0.7259297370910645
2.8654761117703775,0.6504078540635118,100.0,0.7267429828643799
2.8654761117703775,0.6534758156392831,100.0,0.7275729179382324
2.8685440733461487,0.6565437772150544,100.0,0.7283627986907959
2.8716120349219203,0.6565437772150544,100.0,0.7291469573974609
2.8716120349219203,0.6596117387908256,100.0,0.7299282550811768
2.874679996497691,0.662679700366597,100.0,0.7307071685791016
2.8777479580734626,0.662679700366597,100.0,0.7314863204956055
2.8777479580734626,0.6657476619423682,100.0,0.7322628498077393
2.8808159196492342,0.6688156235181395,100.0,0.7330405712127686
2.8838838812250054,0.6688156235181395,100.0,0.733818769454956
2.8838838812250054,0.6718835850939108,100.0,0.7345969676971436
2.8869518428007765,0.674951546669682,100.0,0.7353744506835938
2.8900198043765477,0.674951546669682,100.0,0.736154317855835
2.8900198043765477,0.6780195082454533,100.0,0.7369298934936523
2.8930877659523193,0.6810874698212247,100.0,0.7377362251281738
2.8961557275280905,0.6810874698212247,100.0,0.7385375499725342
2.899223689103862,0.684155431396996,100.0,0.7393314838409424
2.899223689103862,0.6872233929727671,100.0,0.7401261329650879
2.902291650679633,0.6872233929727671,100.0,0.7409217357635498
2.905359612255404,0.6902913545485385,100.0,0.7417161464691162
2.908427573831176,0.6933593161243097,100.0,0.7425076961517334
2.9114955354069467,0.6933593161243097,100.0,0.7433011531829834
2.9114955354069467,0.6964272777000811,100.0,0.744093656539917
2.914563496982718,0.6994952392758523,100.0,0.7448885440826416
2.9176314585584895,0.6994952392758523,100.0,0.7456815242767334
2.9206994201342606,0.7025632008516236,100.0,0.7464733123779297
2.9206994201342606,0.7056311624273949,100.0,0.7472856044769287
2.923767381710032,0.7056311624273949,100.0,0.7480852603912354
2.9268353432858034,0.7086991240031663,100.0,0.7488605976104736
2.9299033048615746,0.7117670855789374,100.0,0.7496376037597656
2.9329712664373453,0.7117670855789374,100.0,0.750413179397583
2.9329712664373453,0.7148350471547087,100.0,0.7511897087097168
2.9360392280131173,0.7179030087304801,100.0,0.7519655227661133
2.9391071895888885,0.7179030087304801,100.0,0.7527399063110352
2.942175151164659,0.7209709703062513,100.0,0.7535555362701416
2.945243112740431,0.7240389318820226,100.0,0.7543330192565918
2.945243112740431,0.7240389318820226,100.0,0.7551088333129883
2.948311074316202,0.727106893457794,100.0,0.7558832168579102
2.951379035891973,0.7301748550335652,100.0,0.7566585540771484
2.9544469974677448,0.7301748550335652,100.0,0.7574460506439209
2.957514959043516,0.7332428166093363,100.0,0.7582440376281738
2.960582920619287,0.7363107781851077,100.0,0.7590188980102539
2.960582920619287,0.7363107781851077,100.0,0.7597956657409668
2.9636508821950587,0.739378739760879,100.0,0.760570764541626
2.96671884377083,0.7424467013366502,100.0,0.7613472938537598
2.969786805346601,0.7424467013366502,100.0,0.7621235847473145
2.9728547669223726,0.7455146629124216,100.0,0.7629003524780273
2.9759227284981433,0.7485826244881929,100.0,0.7636728286743164
2.9759227284981433,0.7485826244881929,100.0,0.7644453048706055
2.978990690073915,0.751650586063964,100.0,0.7652204036712646
2.9820586516496865,0.7547185476397353,100.0,0.7659971714019775
2.9851266132254577,0.7547185476397353,100.0,0.7667701244354248
2.988194574801229,0.7577865092155067,100.0,0.7676191329956055
2.991262536377,0.760854470791278,100.0,0.7685787677764893
2.9943304979527716,0.7639224323670494,100.0,0.7694110870361328
2.997398459528543,0.7639224323670494,100.0,0.7702209949493408
3.000466421104314,0.7669903939428206,100.0,0.771021842956543
3.003534382680085,0.7700583555185918,100.0,0.7718179225921631
3.006602344255856,0.7700583555185918,100.0,0.7726447582244873
3.0096703058316283,0.7731263170943632,100.0,0.7734401226043701
3.012738267407399,0.7761942786701344,100.0,0.7742345333099365
3.01580622898317,0.7761942786701344,100.0,0.775029182434082
3.0188741905589414,0.7792622402459056,100.0,0.7758233547210693
3.021942152134713,0.782330201821677,100.0,0.7766158580780029
3.021942152134713,0.782330201821677,100.0,0.7774143218994141
3.0250101137104846,0.7853981633974483,100.0,0.7781918048858643
3.0280780752862557,0.7884661249732194,100.0,0.7789657115936279
3.031146036862027,0.7884661249732194,100.0,0.779740571975708
3.0342139984377976,0.7915340865489908,100.0,0.7805154323577881
3.037281960013569,0.794602048124762,100.0,0.7812881469726562
3.040349921589341,0.794602048124762,100.0,0.7820742130279541
3.043417883165112,0.7976700097005333,100.0,0.782860517501831
3.046485844740883,0.8007379712763046,100.0,0.7836358547210693
3.0495538063166547,0.8007379712763046,100.0,0.7844138145446777
3.0526217678924255,0.8038059328520759,100.0,0.785189151763916
3.0556897294681975,0.8068738944278473,100.0,0.7859654426574707
3.058757691043968,0.8068738944278473,100.0,0.7867410182952881
3.0618256526197394,0.8099418560036185,100.0,0.7875914573669434
3.0618256526197394,0.8130098175793898,100.0,0.7883903980255127
3.064893614195511,0.816077779155161,100.0,0.7891852855682373
3.0679615757712826,0.816077779155161,100.0,0.7899808883666992
3.0710295373470533,0.8191457407309324,100.0,0.7907764911651611
3.074097498922825,0.8222137023067037,100.0,0.7915711402893066
3.0771654604985956,0.8222137023067037,100.0,0.7923638820648193
3.0802334220743672,0.8252816638824749,100.0,0.793158769607544
3.083301383650139,0.8283496254582463,100.0,0.7939503192901611
3.08636934522591,0.8283496254582463,100.0,0.7947430610656738
3.0894373068016807,0.8314175870340175,100.0,0.7955362796783447
3.0925052683774528,0.8344855486097886,100.0,0.7963285446166992
3.0955732299532235,0.83755351018556,100.0,0.7971336841583252
3.098641191528995,0.83755351018556,100.0,0.7979180812835693
3.1017091531047662,0.8406214717613313,100.0,0.7986953258514404
3.1047771146805374,0.8436894333371026,100.0,0.7994699478149414
3.107845076256308,0.8436894333371026,100.0,0.80025315284729
3.1109130378320806,0.8467573949128739,100.0,0.8010265827178955
3.1139809994078513,0.8498253564886451,100.0,0.8017973899841309
3.1170489609836225,0.8528933180644165,100.0,0.8025681972503662
3.1201169225593937,0.8528933180644165,100.0,0.8033428192138672
3.1201169225593937,0.8559612796401876,100.0,0.8041157722473145
3.1231848841351653,0.859029241215959,100.0,0.8048911094665527
3.126252845710937,0.859029241215959,100.0,0.805666446685791
3.129320807286708,0.8620972027917303,100.0,0.8064382076263428
3.132388768862479,0.8651651643675017,100.0,0.8072128295898438
3.13545673043825,0.8651651643675017,100.0,0.8079969882965088
3.1385246920140215,0.868233125943273,100.0,0.8087749481201172
3.141592653589793,0.8713010875190441,100.0,0.8095505237579346
3.132388768862479,0.8743690490948155,100.0,0.8103272914886475
3.13545673043825,0.8743690490948155,100.0,0.8111019134521484
3.13545673043825,0.8774370106705867,100.0,0.8118770122528076
3.1385246920140215,0.8805049722463579,100.0,0.8126611709594727
3.141592653589793,0.8835729338221293,100.0,0.8134365081787109
-3.141592653589793,0.8835729338221293,100.0,0.8142127990722656
-3.1385246920140215,0.8866408953979006,100.0,0.8149974346160889
-3.13545673043825,0.8897088569736717,100.0,0.8157804012298584
-3.132388768862479,0.8897088569736717,100.0,0.816556453704834
-3.129320807286708,0.8927768185494431,100.0,0.8173649311065674
-3.126252845710937,0.8958447801252143,100.0,0.8181748390197754
-3.1231848841351653,0.8989127417009856,100.0,0.8189754486083984
-3.1201169225593937,0.901980703276757,100.0,0.8197727203369141
-3.1170489609836225,0.901980703276757,100.0,0.8205680847167969
-3.1170489609836225,0.9050486648525283,100.0,0.8213658332824707
-3.1139809994078513,0.9081166264282996,100.0,0.8221626281738281
-3.1109130378320806,0.911184588004071,100.0,0.8229546546936035
-3.107845076256308,0.911184588004071,100.0,0.8237497806549072
-3.1047771146805374,0.9142525495798421,100.0,0.8245422840118408
-3.1017091531047662,0.9173205111556133,100.0,0.8253340721130371
-3.098641191528995,0.9203884727313847,100.0,0.8261275291442871
-3.098641191528995,0.923456434307156,100.0,0.8269553184509277
-3.0955732299532235,0.923456434307156,100.0,0.8277499675750732
-3.0925052683774528,0.9265243958829272,100.0,0.8285419940948486
-3.0894373068016807,0.9295923574586986,100.0,0.8293347358703613
-3.08636934522591,0.9326603190344698,100.0,0.8301270008087158
-3.083301383650139,0.9357282806102409,100.0,0.8309195041656494
-3.0802334220743672,0.9357282806102409,100.0,0.8317127227783203
-3.0802334220743672,0.9387962421860123,100.0,0.8325049877166748
-3.0771654604985956,0.9418642037617836,100.0,0.8332974910736084
-3.074097498922825,0.9449321653375549,100.0,0.8340916633605957
-3.0710295373470533,0.9480001269133262,100.0,0.8348836898803711
-3.0679615757712826,0.9510680884890974,100.0,0.8356790542602539
-3.064893614195511,0.9510680884890974,100.0,0.8365049362182617
-3.064893614195511,0.9541360500648688,100.0,0.8373227119445801
-3.0618256526197394,0.9572040116406402,100.0,0.8381228446960449
-3.058757691043968,0.9602719732164113,100.0,0.838918924331665
-3.0556897294681975,0.9633399347921826,100.0,0.8397116661071777
-3.0556897294681975,0.966407896367954,100.0,0.840508222579956
-3.0526217678924255,0.966407896367954,100.0,0.841303825378418
-3.0495538063166547,0.9694758579437253,100.0,0.8420944213867188
-3.046485844740883,0.9725438195194964,100.0,0.8428845405578613
-3.046485844740883,0.9756117810952678,100.0,0.843677282333374
-3.043417883165112,0.978679742671039,100.0,0.8444714546203613
-3.040349921589341,0.9817477042468102,100.0,0.8452646732330322
-3.037281960013569,0.9848156658225816,100.0,0.8460633754730225
-3.037281960013569,0.9878836273983529,100.0,0.846855878829956
-3.0342139984377976,0.9878836273983529,100.0,0.847649335861206
-3.031146036862027,0.990951588974124,100.0,0.8484437465667725
-3.0280780752862557,0.9940195505498954,100.0,0.8492372035980225
-3.0280780752862557,0.9970875121256666,100.0,0.8500339984893799
-3.0250101137104846,1.000155473701438,100.0,0.850834846496582
-3.021942152134713,1.0032234352772091,100.0,0.8516256809234619
-3.021942152134713,1.0062913968529807,100.0,0.8524196147918701
-3.0188741905589414,1.009359358428752,100.0,0.8532102108001709
-3.01580622898317,1.0124273200045233,100.0,0.8540010452270508
-3.01580622898317,1.0124273200045233,100.0,0.854794979095459
-3.012738267407399,1.0154952815802945,100.0,0.855658769607544
-3.0096703058316283,1.0185632431560656,100.0,0.8566577434539795
-3.006602344255856,1.0246991663076082,100.0,0.8585400581359863
-3.003534382680085,1.030835089459151,100.0,0.8595831394195557
-3.000466421104314,1.033903051034922,100.0,0.8605794906616211
-3.000466421104314,1.0369710126106932,100.0,0.8615670204162598
-2.997398459528543,1.0400389741864646,100.0,0.8625695705413818
-2.9943304979527716,1.0461748973380072,100.0,0.8635656833648682
-2.991262536377,1.0492428589137786,100.0,0.8646485805511475
-2.991262536377,1.05231082048955,100.0,0.8657450675964355
-2.988194574801229,1.0584467436410925,100.0,0.8669531345367432
-2.9851266132254577,1.0615147052168636,100.0,0.867901086807251
-2.9851266132254577,1.064582666792635,100.0,0.8687839508056641
-2.9820586516496865,1.0676506283684062,100.0,0.8696398735046387
-2.978990690073915,1.0707185899441776,100.0,0.8705894947052002
-2.978990690073915,1.0768545130957201,100.0,0.871464729309082
-2.9759227284981433,1.0799224746714913,100.0,0.8723275661468506
-2.9759227284981433,1.0829904362472624,100.0,0.8731939792633057
-2.9728547669223726,1.086058397823034,100.0,0.8740596771240234
-2.9728547669223726,1.0891263593988052,100.0,0.8749306201934814
-2.969786805346601,1.0921943209745764,100.0,0.8757963180541992
-2.969786805346601,1.0952622825503477,100.0,0.8766605854034424
-2.96671884377083,1.098330244126119,100.0,0.8775453567504883
-2.96671884377083,1.1013982057018903,100.0,0.8784217834472656
-2.96671884377083,1.107534128853433,100.0,0.8793032169342041
-2.9636508821950587,1.1106020904292042,100.0,0.8802258968353271
-2.9636508821950587,1.1136700520049756,100.0,0.8811080455780029
-2.960582920619287,1.1167380135807468,100.0,0.8819921016693115
-2.960582920619287,1.119805975156518,100.0,0.8828675746917725
-2.957514959043516,1.1228739367322893,100.0,0.8837432861328125
-2.957514959043516,1.1290098598838318,100.0,0.8846261501312256
-2.9544469974677448,1.1320778214596032,100.0,0.8855392932891846
-2.9544469974677448,1.1351457830353744,100.0,0.8864402770996094
-2.9544469974677448,1.1382137446111456,100.0,0.8873717784881592
-2.951379035891973,1.1443496677626883,100.0,0.8882851600646973
-2.951379035891973,1.1474176293384595,100.0,0.8892250061035156
-2.951379035891973,1.1504855909142309,100.0,0.8902504444122314
-2.948311074316202,1.1535535524900022,100.0,0.8912134170532227
-2.948311074316202,1.1596894756415448,100.0,0.8920340538024902
-2.948311074316202,1.162757437217316,100.0,0.8928337097167969
-2.945243112740431,1.1658253987930873,100.0,0.8936202526092529
-2.945243112740431,1.1688933603688585,100.0,0.8944101333618164
-2.945243112740431,1.1719613219446299,100.0,0.8952326774597168
-2.945243112740431,1.175029283520401,100.0,0.8960168361663818
-2.942175151164659,1.1780972450961724,100.0,0.896803617477417
-2.942175151164659,1.1811652066719436,100.0,0.8976225852966309
-2.942175151164659,1.1873011298234863,100.0,0.8984107971191406
-2.942175151164659,1.1903690913992575,100.0,0.899195671081543
-2.942175151164659,1.1934370529750287,100.0,0.8999786376953125
-2.9391071895888885,1.1965050145508,100.0,0.9007606506347656
-2.9391071895888885,1.1995729761265712,100.0,0.9015440940856934
-2.9391071895888885,1.2026409377023426,100.0,0.9023251533508301
-2.9391071895888885,1.205708899278114,100.0,0.9031057357788086
-2.9391071895888885,1.2087768608538851,100.0,0.9038894176483154
-2.9360392280131173,1.214912784005428,100.0,0.9047036170959473
-2.9360392280131173,1.2179807455811988,100.0,0.9054841995239258
-2.9360392280131173,1.2210487071569702,100.0,0.9062647819519043
-2.9360392280131173,1.2241166687327416,100.0,0.9070596694946289
-2.9360392280131173,1.2271846303085128,100.0,0.9078762531280518
-2.9360392280131173,1.2302525918842842,100.0,0.908682107925415
-2.9360392280131173,1.2333205534600555,100.0,0.9094822406768799
-2.9329712664373453,1.2394564766115979,100.0,0.9102845191955566
-2.9329712664373453,1.2425244381873692,100.0,0.911085844039917
-2.9329712664373453,1.2455923997631406,100.0,0.9118838310241699
-2.9329712664373453,1.2486603613389118,100.0,0.9126784801483154
-2.9329712664373453,1.2517283229146834,100.0,0.9134774208068848
-2.9329712664373453,1.2578642460662257,100.0,0.9142897129058838
-2.9329712664373453,1.260932207641997,100.0,0.9150876998901367
-2.9329712664373453,1.264000169217768,100.0,0.9158849716186523
-2.9329712664373453,1.2670681307935396,100.0,0.916682243347168
-2.9329712664373453,1.2701360923693108,100.0,0.9175112247467041
-2.9329712664373453,1.2762720155208533,100.0,0.9183228015899658
-2.9329712664373453,1.2793399770966247,100.0,0.9191107749938965
-2.9329712664373453,1.2824079386723959,100.0,0.9199378490447998
-2.9329712664373453,1.285475900248167,100.0,0.9207296371459961
-2.9329712664373453,1.2916118233997098,100.0,0.921511173248291
-2.9329712664373453,1.2946797849754812,100.0,0.9222939014434814
-2.9329712664373453,1.2977477465512524,100.0,0.9230747222900391
-2.9329712664373453,1.3008157081270235,100.0,0.9238553047180176
-2.9329712664373453,1.303883669702795,100.0,0.9247796535491943
-2.9329712664373453,1.3100195928543374,100.0,0.9256298542022705
-2.9329712664373453,1.3130875544301088,100.0,0.9264471530914307
-2.9329712664373453,1.3161555160058802,100.0,0.9272792339324951
-2.9329712664373453,1.3222914391574225,100.0,0.928074836730957
-2.9329712664373453,1.325359400733194,100.0,0.9288582801818848
-2.9329712664373453,1.328427362308965,100.0,0.9296386241912842
-2.9329712664373453,1.3314953238847365,100.0,0.9304196834564209
-2.9329712664373453,1.337631247036279,100.0,0.9311985969543457
-2.9360392280131173,1.3406992086120502,100.0,0.9319732189178467
-2.9360392280131173,1.3437671701878215,100.0,0.9327538013458252
-2.9360392280131173,1.346835131763593,100.0,0.9335587024688721
-2.9360392280131173,1.3529710549151357,100.0,0.9343926906585693
-2.9360392280131173,1.3560390164909066,100.0,0.9351770877838135
-2.9360392280131173,1.359106978066678,100.0,0.9359586238861084
-2.9360392280131173,1.3621749396424494,100.0,0.9367387294769287
-2.9391071895888885,1.368310862793992,100.0,0.937553882598877
-2.9391071895888885,1.371378824369763,100.0,0.9383583068847656
-2.9391071895888885,1.3744467859455343,100.0,0.9391570091247559
-2.9391071895888885,1.380582709097077,100.0,0.9399549961090088
-2.9391071895888885,1.3836506706728482,100.0,0.9407525062561035
-2.9391071895888885,1.3867186322486194,100.0,0.9415457248687744
-2.942175151164659,1.3928545554001621,100.0,0.9423441886901855
-2.942175151164659,1.3959225169759335,100.0,0.9431412220001221
-2.942175151164659,1.3989904785517047,100.0,0.9439444541931152
-2.942175151164659,1.4020584401274758,100.0,0.9447429180145264
-2.942175151164659,1.4081943632790186,100.0,0.9455397129058838
-2.945243112740431,1.4112623248547898,100.0,0.9463362693786621
-2.945243112740431,1.4143302864305611,100.0,0.9471347332000732
-2.945243112740431,1.4204662095821035,100.0,0.9479207992553711
-2.945243112740431,1.4235341711578748,100.0,0.9487173557281494
-2.948311074316202,1.4266021327336462,100.0,0.9494941234588623
-2.948311074316202,1.4327380558851888,100.0,0.9502723217010498
-2.948311074316202,1.4358060174609601,100.0,0.9510488510131836
-2.951379035891973,1.4388739790367313,100.0,0.9518277645111084
-2.951379035891973,1.4450099021882739,100.0,0.9526047706604004
-2.951379035891973,1.4480778637640452,100.0,0.9533810615539551
-2.9544469974677448,1.4511458253398164,100.0,0.9541952610015869
-2.9544469974677448,1.457281748491359,100.0,0.9549717903137207
-2.9544469974677448,1.4603497100671303,100.0,0.9557487964630127
-2.9544469974677448,1.4634176716429017,100.0,0.9565253257751465
-2.957514959043516,1.4664856332186726,100.0,0.9573321342468262
-2.957514959043516,1.4726215563702154,100.0,0.9581420421600342
-2.957514959043516,1.4756895179459866,100.0,0.9589412212371826
-2.960582920619287,1.4818254410975293,100.0,0.9597394466400146
-2.960582920619287,1.4848934026733005,100.0,0.9605329036712646
-2.9636508821950587,1.4879613642490717,100.0,0.9613306522369385
-2.9636508821950587,1.4940972874006144,100.0,0.9621269702911377
-2.9636508821950587,1.4971652489763858,100.0,0.9629240036010742
-2.96671884377083,1.503301172127928,100.0,0.9637579917907715
-2.96671884377083,1.5063691337036995,100.0,0.9645524024963379
-2.96671884377083,1.5094370952794707,100.0,0.9653453826904297
-2.969786805346601,1.5155730184310134,100.0,0.9661407470703125
-2.969786805346601,1.5186409800067846,100.0,0.9669351577758789
-2.9728547669223726,1.521708941582556,100.0,0.9677393436431885
-2.9728547669223726,1.5278448647340988,100.0,0.9687118530273438
-2.9759227284981433,1.5339807878856413,100.0,0.9696834087371826
-2.9759227284981433,1.5370487494614125,100.0,0.9706695079803467
-2.978990690073915,1.543184672612955,100.0,0.9716284275054932
-2.978990690073915,1.5493205957644975,100.0,0.9726006984710693
-2.9820586516496865,1.5523885573402687,100.0,0.9735763072967529
-2.9820586516496865,1.5585244804918112,100.0,0.9745602607727051
-2.9851266132254577,1.564660403643354,100.0,0.9755251407623291
-2.988194574801229,1.5707963267948966,100.0,0.9764938354492188
-2.988194574801229,1.5738642883706677,100.0,0.9774703979492188
-2.991262536377,1.5800002115222103,100.0,0.9785120487213135
-2.991262536377,1.5861361346737528,100.0,0.979529619216919
-2.9943304979527716,1.5922720578252956,100.0,0.9806818962097168
-2.997398459528543,1.598407980976838,100.0,0.9816465377807617
-2.997398459528543,1.6014759425526093,100.0,0.9824516773223877
-3.000466421104314,1.6076118657041518,100.0,0.9832785129547119
-3.000466421104314,1.610679827279923,100.0,0.9840638637542725
-3.003534382680085,1.6168157504314657,100.0,0.9848465919494629
-3.003534382680085,1.619883712007237,100.0,0.9856290817260742
-3.006602344255856,1.6260196351587797,100.0,0.9864106178283691
-3.006602344255856,1.629087596734551,100.0,0.9871916770935059
-3.0096703058316283,1.632155558310322,100.0,0.9879910945892334
-3.0096703058316283,1.6382914814618648,100.0,0.9887762069702148
-3.012738267407399,1.641359443037636,100.0,0.9895632266998291
-3.012738267407399,1.6474953661891787,100.0,0.990344762802124
-3.01580622898317,1.6505633277649499,100.0,0.9911246299743652
-3.01580622898317,1.653631289340721,100.0,0.9919052124023438
-3.0188741905589414,1.6597672124922636,100.0,0.992685079574585
-3.021942152134713,1.662835174068035,100.0,0.9934680461883545
-3.021942152134713,1.6689710972195773,100.0,0.9942502975463867
-3.0250101137104846,1.6720390587953489,100.0,0.9950292110443115
-3.0250101137104846,1.67510702037112,100.0,0.9958078861236572
-3.0280780752862557,1.6812429435226626,100.0,0.9965894222259521
-3.0280780752862557,1.684310905098434,100.0,0.9973742961883545
-3.031146036862027,1.6904468282499763,100.0,0.9981613159179688
-3.031146036862027,1.6935147898257479,100.0,0.99894118309021
-3.0342139984377976,1.6965827514015188,100.0,0.9997212886810303
-3.037281960013569,1.7027186745530616,100.0,1.0004990100860596
-3.037281960013569,1.705786636128833,100.0,1.0012760162353516
-3.040349921589341,1.7119225592803753,100.0,1.002056360244751
-3.040349921589341,1.714990520856147,100.0,1.002871036529541
-3.043417883165112,1.7211264440076897,100.0,1.0036475658416748
-3.046485844740883,1.7241944055834606,100.0,1.0044286251068115
-3.046485844740883,1.727262367159232,100.0,1.00520920753479
-3.0495538063166547,1.7333982903107743,100.0,1.0059878826141357
-3.0495538063166547,1.736466251886546,100.0,1.0067646503448486
-3.0526217678924255,1.7426021750380882,100.0,1.0075740814208984
-3.0556897294681975,1.7456701366138596,100.0,1.0083584785461426
-3.0556897294681975,1.7518060597654022,100.0,1.009141206741333
-3.058757691043968,1.7548740213411733,100.0,1.0099215507507324
-3.058757691043968,1.7610099444927159,100.0,1.0107002258300781
-3.0618256526197394,1.7640779060684872,100.0,1.011479139328003
-3.064893614195511,1.7671458676442586,100.0,1.012267827987671
-3.064893614195511,1.7732817907958012,100.0,1.0130479335784912
-3.0679615757712826,1.7763497523715723,100.0,1.0138230323791504
-3.0679615757712826,1.7824856755231149,100.0,1.0146033763885498
-3.0710295373470533,1.7855536370988863,100.0,1.0154109001159668
-3.074097498922825,1.7916895602504286,100.0,1.01619291305542
-3.074097498922825,1.7947575218262002,100.0,1.016972303390503
-3.0771654604985956,1.7978254834019711,100.0,1.017836570739746
-3.0802334220743672,1.803961406553514,100.0,1.0186247825622559
-3.0802334220743672,1.8070293681292853,100.0,1.0194084644317627
-3.083301383650139,1.8131652912808276,100.0,1.0201904773712158
-3.08636934522591,1.8162332528565992,100.0,1.0209698677062988
-3.08636934522591,1.822369176008142,100.0,1.0217502117156982
-3.0894373068016807,1.825437137583913,100.0,1.0225281715393066
-3.0894373068016807,1.8315730607354557,100.0,1.023308515548706
-3.0925052683774528,1.8346410223112266,100.0,1.0240895748138428
-3.0955732299532235,1.8377089838869982,100.0,1.0248656272888184
-3.0955732299532235,1.8438449070385405,100.0,1.0256454944610596
-3.098641191528995,1.846912868614312,100.0,1.026423692703247
-3.1017091531047662,1.8530487917658545,100.0,1.0272064208984375
-3.1017091531047662,1.8561167533416256,100.0,1.0280091762542725
-3.1047771146805374,1.8591847149173972,100.0,1.028794288635254
-3.1047771146805374,1.8653206380689396,100.0,1.0295782089233398
-3.107845076256308,1.868388599644711,100.0,1.0303614139556885
-3.1109130378320806,1.8745245227962535,100.0,1.0311427116394043
-3.1109130378320806,1.8775924843720246,100.0,1.0319499969482422
-3.1139809994078513,1.8837284075235672,100.0,1.0327277183532715
-3.1170489609836225,1.8867963690993386,100.0,1.033508539199829
-3.1170489609836225,1.8929322922508809,100.0,1.0342881679534912
-3.1201169225593937,1.8960002538266525,100.0,1.0350675582885742
-3.1231848841351653,1.8990682154024234,100.0,1.0358474254608154
-3.1231848841351653,1.9052041385539662,100.0,1.0366344451904297
-3.126252845710937,1.9082721001297376,100.0,1.0374207496643066
-3.126252845710937,1.9144080232812803,100.0,1.0382051467895508
-3.129320807286708,1.9174759848570515,100.0,1.038984775543213
-3.132388768862479,1.9205439464328227,100.0,1.039766550064087
-3.132388768862479,1.9266798695843652,100.0,1.0405476093292236
-3.13545673043825,1.9297478311601366,100.0,1.0413267612457275
-3.1385246920140215,1.935883754311679,100.0,1.042104959487915
-3.1385246920140215,1.9389517158874505,100.0,1.0428855419158936
-3.141592653589793,1.9420196774632217,100.0,1.043663740158081
-3.141592653589793,1.9481556006147642,100.0,1.0444440841674805
3.141592653589793,1.9512235621905356,100.0,1.0452234745025635
3.1385246920140215,1.957359485342078,100.0,1.046001672744751
3.1385246920140215,1.9604274469178495,100.0,1.0467822551727295
3.13545673043825,1.9634954084936205,100.0,1.0476043224334717
3.13545673043825,1.9696313316451632,100.0,1.0484142303466797
3.132388768862479,1.9726992932209342,100.0,1.0492022037506104
3.141592653589793,1.978835216372477,100.0,1.049987554550171
3.141592653589793,1.981903177948248,100.0,1.0507686138153076
3.1385246920140215,1.9849711395240195,100.0,1.0515692234039307
3.1385246920140215,1.991107062675562,100.0,1.0523505210876465
3.13545673043825,1.9941750242513332,100.0,1.0531296730041504
3.13545673043825,2.000310947402876,100.0,1.0539109706878662
3.132388768862479,2.003378908978647,100.0,1.0546901226043701
3.129320807286708,2.0064468705544183,100.0,1.055469274520874
3.129320807286708,2.0125827937059615,100.0,1.0562496185302734
3.126252845710937,2.0156507552817327,100.0,1.0570290088653564
3.126252845710937,2.018718716857504,100.0,1.0578343868255615
3.1231848841351653,2.0248546400090466,100.0,1.0586180686950684
3.1231848841351653,2.0279226015848177,100.0,1.0594000816345215
3.1201169225593937,2.030990563160589,100.0,1.060178518295288
3.1170489609836225,2.0371264863121312,100.0,1.060957670211792
3.1170489609836225,2.040194447887903,100.0,1.0617363452911377
3.1139809994078513,2.043262409463674,100.0,1.0625126361846924
3.1139809994078513,2.0493983326152163,100.0,1.06329345703125
3.1109130378320806,2.052466294190988,100.0,1.0640716552734375
3.1109130378320806,2.055534255766759,100.0,1.0648481845855713
3.107845076256308,2.061670178918302,100.0,1.065629482269287
3.107845076256308,2.0647381404940726,100.0,1.0665249824523926
3.1047771146805374,2.0708740636456158,100.0,1.0673701763153076
3.1017091531047662,2.0739420252213865,100.0,1.0681695938110352
3.1017091531047662,2.0800779483729293,100.0,1.068960189819336
3.098641191528995,2.0831459099487004,100.0,1.069742202758789
3.098641191528995,2.086213871524472,100.0,1.0705235004425049
3.0955732299532235,2.089281833100243,100.0,1.0713386535644531
3.0955732299532235,2.0954177562517855,100.0,1.0721166133880615
3.0925052683774528,2.098485717827557,100.0,1.0728955268859863
3.0925052683774528,2.1015536794033283,100.0,1.0736761093139648
3.0894373068016807,2.1076896025548706,100.0,1.0744554996490479
3.0894373068016807,2.110757564130642,100.0,1.0752320289611816
3.08636934522591,2.113825525706414,100.0,1.0760300159454346
3.08636934522591,2.119961448857956,100.0,1.0768074989318848
3.083301383650139,2.1230294104337273,100.0,1.0776128768920898
3.083301383650139,2.126097372009499,100.0,1.0784003734588623
3.0802334220743672,2.132233295161041,100.0,1.079172134399414
3.0802334220743672,2.1353012567368124,100.0,1.0799496173858643
3.0771654604985956,2.1383692183125835,100.0,1.0807254314422607
3.0771654604985956,2.1445051414641263,100.0,1.0815174579620361
3.074097498922825,2.1475731030398975,100.0,1.0823287963867188
3.074097498922825,2.1506410646156686,100.0,1.0831115245819092
3.074097498922825,2.1537090261914402,100.0,1.0838897228240967
3.0710295373470533,2.1598449493429825,100.0,1.0846691131591797
3.0710295373470533,2.162912910918754,100.0,1.0854463577270508
3.0679615757712826,2.165980872494525,100.0,1.0862181186676025
3.0679615757712826,2.172116795646068,100.0,1.0869927406311035
3.064893614195511,2.175184757221839,100.0,1.0878856182098389
3.064893614195511,2.1782527187976104,100.0,1.0886955261230469
3.0618256526197394,2.1843886419491527,100.0,1.0894992351531982
3.0618256526197394,2.1874566035249243,100.0,1.0902972221374512
3.0618256526197394,2.1905245651006955,100.0,1.0910980701446533
3.058757691043968,2.196660488252238,100.0,1.0918989181518555
3.058757691043968,2.1997284498280094,100.0,1.092698574066162
3.0556897294681975,2.2027964114037806,100.0,1.0934946537017822
3.0556897294681975,2.205864372979552,100.0,1.0942912101745605
3.0556897294681975,2.2120002961310945,100.0,1.0950884819030762
3.0526217678924255,2.215068257706866,100.0,1.095881700515747
3.0526217678924255,2.2181362192826373,100.0,1.096677541732788
3.0495538063166547,2.2212041808584084,100.0,1.097480297088623
3.0495538063166547,2.227340104009951,100.0,1.098278522491455
3.0495538063166547,2.2304080655857224,100.0,1.099074125289917
3.0495538063166547,2.2334760271614935,100.0,1.0998716354370117
3.046485844740883,2.2365439887372647,100.0,1.1006739139556885
